,VTTS ($/min),WTP ($),city_ID,city_name,cost_delta ($),cost_uam ($),dist_range,distance,inc_range,income,mode,purpose,trip_cost_m ($),trip_time_m (min),trip_time_saved (min),trip_time_uam (min),uam_pax_trips,uam_pkt,uam_ticket_cost,uam_utilization,uam_vehicle_trips,vertiport_density
0,0.125,-82.00758122396242,3.0,Moscow,-93.09556695264627,11.08798572868385,[ 0. 22.],11.0,[    0. 26000.],13000.0,personal_vehicle,business,6.159299344000001,42.53359136048486,-705.3350445436994,747.8686359041842,0.0,0.0,0.8045,0.0,0.0,120.0
1,0.125,-76.97876138767813,3.0,Moscow,-96.50924711636199,19.53048572868385,[22. 44.],33.0,[    0. 26000.],13000.0,personal_vehicle,business,10.474298032,53.74416054675902,-699.6244753574251,753.3686359041842,0.0,0.0,0.8045,0.0,0.0,120.0
2,0.125,-71.24694925430033,3.0,Moscow,-99.21993498298419,27.972985728683852,[44. 66.],55.0,[    0. 26000.],13000.0,personal_vehicle,business,14.78929672,70.57866810978153,-688.2899677944026,758.8686359041842,0.0,0.0,0.8045,0.0,0.0,120.0
3,0.125,-65.60429750431491,3.0,Moscow,-102.01978323299876,36.41548572868385,[66. 88.],77.0,[    0. 26000.],13000.0,personal_vehicle,business,19.104295408000002,86.69989260566487,-677.6687432985193,764.3686359041842,0.0,0.0,0.8045,0.0,0.0,120.0
4,0.125,-60.0489372780753,3.0,Moscow,-104.90692300675914,44.85798572868385,[ 88. 110.],99.0,[    0. 26000.],13000.0,personal_vehicle,business,23.419294096,102.12278491158182,-667.7458509926024,769.8686359041842,0.0,0.0,0.8045,0.0,0.0,120.0
5,0.125,-51.84342713722755,3.0,Moscow,-109.3651628659114,57.52173572868385,[110. 154.],132.0,[    0. 26000.],13000.0,personal_vehicle,business,29.891792128000002,124.23688178236371,-653.8817541218204,778.1186359041842,0.0,0.0,0.8045,0.0,0.0,120.0
6,0.125,-39.77632362798426,3.0,Moscow,-114.18305935666811,74.40673572868386,[154. 198.],176.0,[    0. 26000.],13000.0,personal_vehicle,business,38.521789504000004,162.7337308483101,-626.3849050558741,789.1186359041842,0.0,0.0,0.8045,0.0,0.0,120.0
7,0.125,-27.43589716297457,3.0,Moscow,-118.72763289165843,91.29173572868386,[198. 242.],220.0,[    0. 26000.],13000.0,personal_vehicle,business,47.15178688,203.41716356038765,-596.7014723437966,800.1186359041842,0.0,0.0,0.8045,0.0,0.0,120.0
8,0.125,-15.09547069796487,3.0,Moscow,-123.27220642664872,108.17673572868385,[242. 286.],264.0,[    0. 26000.],13000.0,personal_vehicle,business,55.78178425600001,244.10059627246517,-567.018039631719,811.1186359041842,0.0,0.0,0.8045,0.0,0.0,120.0
9,0.375,-258.3413423598873,3.0,Moscow,-269.42932808857114,11.08798572868385,[ 0. 22.],11.0,[26000. 52000.],39000.0,personal_vehicle,business,6.159299344000001,42.53359136048486,-705.3350445436994,747.8686359041842,0.0,0.0,0.8045,0.0,0.0,120.0
10,0.375,-251.88488022703442,3.0,Moscow,-271.41536595571824,19.53048572868385,[22. 44.],33.0,[26000. 52000.],39000.0,personal_vehicle,business,10.474298032,53.74416054675902,-699.6244753574251,753.3686359041842,0.0,0.0,0.8045,0.0,0.0,120.0
11,0.375,-243.319441202901,3.0,Moscow,-271.2924269315848,27.972985728683852,[44. 66.],55.0,[26000. 52000.],39000.0,personal_vehicle,business,14.78929672,70.57866810978153,-688.2899677944026,758.8686359041842,0.0,0.0,0.8045,0.0,0.0,120.0
12,0.375,-235.02148332894473,3.0,Moscow,-271.4369690576286,36.41548572868385,[66. 88.],77.0,[26000. 52000.],39000.0,personal_vehicle,business,19.104295408000002,86.69989260566487,-677.6687432985193,764.3686359041842,0.0,0.0,0.8045,0.0,0.0,120.0
13,0.375,-226.98540002622593,3.0,Moscow,-271.8433857549098,44.85798572868385,[ 88. 110.],99.0,[26000. 52000.],39000.0,personal_vehicle,business,23.419294096,102.12278491158182,-667.7458509926024,769.8686359041842,0.0,0.0,0.8045,0.0,0.0,120.0
14,0.375,-215.31386566768268,3.0,Moscow,-272.83560139636654,57.52173572868385,[110. 154.],132.0,[26000. 52000.],39000.0,personal_vehicle,business,29.891792128000002,124.23688178236371,-653.8817541218204,778.1186359041842,0.0,0.0,0.8045,0.0,0.0,120.0
15,0.375,-196.3725498919528,3.0,Moscow,-270.77928562063664,74.40673572868386,[154. 198.],176.0,[26000. 52000.],39000.0,personal_vehicle,business,38.521789504000004,162.7337308483101,-626.3849050558741,789.1186359041842,0.0,0.0,0.8045,0.0,0.0,120.0
16,0.375,-176.61126524892373,3.0,Moscow,-267.9030009776076,91.29173572868386,[198. 242.],220.0,[26000. 52000.],39000.0,personal_vehicle,business,47.15178688,203.41716356038765,-596.7014723437966,800.1186359041842,0.0,0.0,0.8045,0.0,0.0,120.0
17,0.375,-156.84998060589461,3.0,Moscow,-265.02671633457845,108.17673572868385,[242. 286.],264.0,[26000. 52000.],39000.0,personal_vehicle,business,55.78178425600001,244.10059627246517,-567.018039631719,811.1186359041842,0.0,0.0,0.8045,0.0,0.0,120.0
18,0.625,-434.67510349581215,3.0,Moscow,-445.763089224496,11.08798572868385,[ 0. 22.],11.0,[52000. 78000.],65000.0,personal_vehicle,business,6.159299344000001,42.53359136048486,-705.3350445436994,747.8686359041842,0.0,0.0,0.8045,0.0,0.0,120.0
19,0.625,-426.7909990663907,3.0,Moscow,-446.3214847950746,19.53048572868385,[22. 44.],33.0,[52000. 78000.],65000.0,personal_vehicle,business,10.474298032,53.74416054675902,-699.6244753574251,753.3686359041842,0.0,0.0,0.8045,0.0,0.0,120.0
20,0.625,-415.39193315150163,3.0,Moscow,-443.3649188801855,27.972985728683852,[44. 66.],55.0,[52000. 78000.],65000.0,personal_vehicle,business,14.78929672,70.57866810978153,-688.2899677944026,758.8686359041842,0.0,0.0,0.8045,0.0,0.0,120.0
21,0.625,-404.43866915357455,3.0,Moscow,-440.8541548822584,36.41548572868385,[66. 88.],77.0,[52000. 78000.],65000.0,personal_vehicle,business,19.104295408000002,86.69989260566487,-677.6687432985193,764.3686359041842,0.0,0.0,0.8045,0.0,0.0,120.0
22,0.625,-393.9218627743765,3.0,Moscow,-438.77984850306035,44.85798572868385,[ 88. 110.],99.0,[52000. 78000.],65000.0,personal_vehicle,business,23.419294096,102.12278491158182,-667.7458509926024,769.8686359041842,0.0,0.0,0.8045,0.0,0.0,120.0
23,0.625,-378.78430419813776,3.0,Moscow,-436.3060399268216,57.52173572868385,[110. 154.],132.0,[52000. 78000.],65000.0,personal_vehicle,business,29.891792128000002,124.23688178236371,-653.8817541218204,778.1186359041842,0.0,0.0,0.8045,0.0,0.0,120.0
24,0.625,-352.9687761559213,3.0,Moscow,-427.3755118846052,74.40673572868386,[154. 198.],176.0,[52000. 78000.],65000.0,personal_vehicle,business,38.521789504000004,162.7337308483101,-626.3849050558741,789.1186359041842,0.0,0.0,0.8045,0.0,0.0,120.0
25,0.625,-325.7866333348728,3.0,Moscow,-417.0783690635567,91.29173572868386,[198. 242.],220.0,[52000. 78000.],65000.0,personal_vehicle,business,47.15178688,203.41716356038765,-596.7014723437966,800.1186359041842,0.0,0.0,0.8045,0.0,0.0,120.0
26,0.625,-298.60449051382443,3.0,Moscow,-406.7812262425083,108.17673572868385,[242. 286.],264.0,[52000. 78000.],65000.0,personal_vehicle,business,55.78178425600001,244.10059627246517,-567.018039631719,811.1186359041842,0.0,0.0,0.8045,0.0,0.0,120.0
27,0.8749999999999999,-611.0088646317369,3.0,Moscow,-622.0968503604207,11.08798572868385,[ 0. 22.],11.0,[ 78000. 104000.],91000.0,personal_vehicle,business,6.159299344000001,42.53359136048486,-705.3350445436994,747.8686359041842,0.0,0.0,0.8045,0.0,0.0,120.0
28,0.8749999999999999,-601.697117905747,3.0,Moscow,-621.2276036344308,19.53048572868385,[22. 44.],33.0,[ 78000. 104000.],91000.0,personal_vehicle,business,10.474298032,53.74416054675902,-699.6244753574251,753.3686359041842,0.0,0.0,0.8045,0.0,0.0,120.0
29,0.8749999999999999,-587.4644251001022,3.0,Moscow,-615.437410828786,27.972985728683852,[44. 66.],55.0,[ 78000. 104000.],91000.0,personal_vehicle,business,14.78929672,70.57866810978153,-688.2899677944026,758.8686359041842,0.0,0.0,0.8045,0.0,0.0,120.0
30,0.8749999999999999,-573.8558549782043,3.0,Moscow,-610.2713407068882,36.41548572868385,[66. 88.],77.0,[ 78000. 104000.],91000.0,personal_vehicle,business,19.104295408000002,86.69989260566487,-677.6687432985193,764.3686359041842,0.0,0.0,0.8045,0.0,0.0,120.0
31,0.8749999999999999,-560.858325522527,3.0,Moscow,-605.7163112512109,44.85798572868385,[ 88. 110.],99.0,[ 78000. 104000.],91000.0,personal_vehicle,business,23.419294096,102.12278491158182,-667.7458509926024,769.8686359041842,0.0,0.0,0.8045,0.0,0.0,120.0
32,0.8749999999999999,-542.2547427285928,3.0,Moscow,-599.7764784572767,57.52173572868385,[110. 154.],132.0,[ 78000. 104000.],91000.0,personal_vehicle,business,29.891792128000002,124.23688178236371,-653.8817541218204,778.1186359041842,0.0,0.0,0.8045,0.0,0.0,120.0
33,0.8749999999999999,-509.56500241988977,3.0,Moscow,-583.9717381485736,74.40673572868386,[154. 198.],176.0,[ 78000. 104000.],91000.0,personal_vehicle,business,38.521789504000004,162.7337308483101,-626.3849050558741,789.1186359041842,0.0,0.0,0.8045,0.0,0.0,120.0
34,0.8749999999999999,-474.96200142082193,3.0,Moscow,-566.2537371495058,91.29173572868386,[198. 242.],220.0,[ 78000. 104000.],91000.0,personal_vehicle,business,47.15178688,203.41716356038765,-596.7014723437966,800.1186359041842,0.0,0.0,0.8045,0.0,0.0,120.0
35,0.8749999999999999,-440.3590004217541,3.0,Moscow,-548.535736150438,108.17673572868385,[242. 286.],264.0,[ 78000. 104000.],91000.0,personal_vehicle,business,55.78178425600001,244.10059627246517,-567.018039631719,811.1186359041842,0.0,0.0,0.8045,0.0,0.0,120.0
36,1.125,-787.3426257676617,3.0,Moscow,-798.4306114963456,11.08798572868385,[ 0. 22.],11.0,[104000. 130000.],117000.0,personal_vehicle,business,6.159299344000001,42.53359136048486,-705.3350445436994,747.8686359041842,0.0,0.0,0.8045,0.0,0.0,120.0
37,1.125,-776.6032367451032,3.0,Moscow,-796.1337224737871,19.53048572868385,[22. 44.],33.0,[104000. 130000.],117000.0,personal_vehicle,business,10.474298032,53.74416054675902,-699.6244753574251,753.3686359041842,0.0,0.0,0.8045,0.0,0.0,120.0
38,1.125,-759.5369170487029,3.0,Moscow,-787.5099027773867,27.972985728683852,[44. 66.],55.0,[104000. 130000.],117000.0,personal_vehicle,business,14.78929672,70.57866810978153,-688.2899677944026,758.8686359041842,0.0,0.0,0.8045,0.0,0.0,120.0
39,1.125,-743.2730408028342,3.0,Moscow,-779.688526531518,36.41548572868385,[66. 88.],77.0,[104000. 130000.],117000.0,personal_vehicle,business,19.104295408000002,86.69989260566487,-677.6687432985193,764.3686359041842,0.0,0.0,0.8045,0.0,0.0,120.0
40,1.125,-727.7947882706777,3.0,Moscow,-772.6527739993616,44.85798572868385,[ 88. 110.],99.0,[104000. 130000.],117000.0,personal_vehicle,business,23.419294096,102.12278491158182,-667.7458509926024,769.8686359041842,0.0,0.0,0.8045,0.0,0.0,120.0
41,1.125,-705.725181259048,3.0,Moscow,-763.2469169877319,57.52173572868385,[110. 154.],132.0,[104000. 130000.],117000.0,personal_vehicle,business,29.891792128000002,124.23688178236371,-653.8817541218204,778.1186359041842,0.0,0.0,0.8045,0.0,0.0,120.0
42,1.125,-666.1612286838583,3.0,Moscow,-740.5679644125422,74.40673572868386,[154. 198.],176.0,[104000. 130000.],117000.0,personal_vehicle,business,38.521789504000004,162.7337308483101,-626.3849050558741,789.1186359041842,0.0,0.0,0.8045,0.0,0.0,120.0
43,1.125,-624.1373695067712,3.0,Moscow,-715.429105235455,91.29173572868386,[198. 242.],220.0,[104000. 130000.],117000.0,personal_vehicle,business,47.15178688,203.41716356038765,-596.7014723437966,800.1186359041842,0.0,0.0,0.8045,0.0,0.0,120.0
44,1.125,-582.1135103296839,3.0,Moscow,-690.2902460583678,108.17673572868385,[242. 286.],264.0,[104000. 130000.],117000.0,personal_vehicle,business,55.78178425600001,244.10059627246517,-567.018039631719,811.1186359041842,0.0,0.0,0.8045,0.0,0.0,120.0
45,1.3749999999999998,-963.6763869035865,3.0,Moscow,-974.7643726322704,11.08798572868385,[ 0. 22.],11.0,[130000. 156000.],143000.0,personal_vehicle,business,6.159299344000001,42.53359136048486,-705.3350445436994,747.8686359041842,0.0,0.0,0.8045,0.0,0.0,120.0
46,1.3749999999999998,-951.5093555844594,3.0,Moscow,-971.0398413131433,19.53048572868385,[22. 44.],33.0,[130000. 156000.],143000.0,personal_vehicle,business,10.474298032,53.74416054675902,-699.6244753574251,753.3686359041842,0.0,0.0,0.8045,0.0,0.0,120.0
47,1.3749999999999998,-931.6094089973034,3.0,Moscow,-959.5823947259872,27.972985728683852,[44. 66.],55.0,[130000. 156000.],143000.0,personal_vehicle,business,14.78929672,70.57866810978153,-688.2899677944026,758.8686359041842,0.0,0.0,0.8045,0.0,0.0,120.0
48,1.3749999999999998,-912.6902266274639,3.0,Moscow,-949.1057123561477,36.41548572868385,[66. 88.],77.0,[130000. 156000.],143000.0,personal_vehicle,business,19.104295408000002,86.69989260566487,-677.6687432985193,764.3686359041842,0.0,0.0,0.8045,0.0,0.0,120.0
49,1.3749999999999998,-894.7312510188282,3.0,Moscow,-939.589236747512,44.85798572868385,[ 88. 110.],99.0,[130000. 156000.],143000.0,personal_vehicle,business,23.419294096,102.12278491158182,-667.7458509926024,769.8686359041842,0.0,0.0,0.8045,0.0,0.0,120.0
50,1.3749999999999998,-869.195619789503,3.0,Moscow,-926.7173555181869,57.52173572868385,[110. 154.],132.0,[130000. 156000.],143000.0,personal_vehicle,business,29.891792128000002,124.23688178236371,-653.8817541218204,778.1186359041842,0.0,0.0,0.8045,0.0,0.0,120.0
51,1.3749999999999998,-822.7574549478268,3.0,Moscow,-897.1641906765107,74.40673572868386,[154. 198.],176.0,[130000. 156000.],143000.0,personal_vehicle,business,38.521789504000004,162.7337308483101,-626.3849050558741,789.1186359041842,0.0,0.0,0.8045,0.0,0.0,120.0
52,1.3749999999999998,-773.3127375927202,3.0,Moscow,-864.604473321404,91.29173572868386,[198. 242.],220.0,[130000. 156000.],143000.0,personal_vehicle,business,47.15178688,203.41716356038765,-596.7014723437966,800.1186359041842,0.0,0.0,0.8045,0.0,0.0,120.0
53,1.3749999999999998,-723.8680202376136,3.0,Moscow,-832.0447559662974,108.17673572868385,[242. 286.],264.0,[130000. 156000.],143000.0,personal_vehicle,business,55.78178425600001,244.10059627246517,-567.018039631719,811.1186359041842,0.0,0.0,0.8045,0.0,0.0,120.0
54,1.625,-1140.0101480395115,3.0,Moscow,-1151.0981337681953,11.08798572868385,[ 0. 22.],11.0,[156000. 182000.],169000.0,personal_vehicle,business,6.159299344000001,42.53359136048486,-705.3350445436994,747.8686359041842,0.0,0.0,0.8045,0.0,0.0,120.0
55,1.625,-1126.4154744238158,3.0,Moscow,-1145.9459601524995,19.53048572868385,[22. 44.],33.0,[156000. 182000.],169000.0,personal_vehicle,business,10.474298032,53.74416054675902,-699.6244753574251,753.3686359041842,0.0,0.0,0.8045,0.0,0.0,120.0
56,1.625,-1103.6819009459043,3.0,Moscow,-1131.6548866745882,27.972985728683852,[44. 66.],55.0,[156000. 182000.],169000.0,personal_vehicle,business,14.78929672,70.57866810978153,-688.2899677944026,758.8686359041842,0.0,0.0,0.8045,0.0,0.0,120.0
57,1.625,-1082.1074124520937,3.0,Moscow,-1118.5228981807777,36.41548572868385,[66. 88.],77.0,[156000. 182000.],169000.0,personal_vehicle,business,19.104295408000002,86.69989260566487,-677.6687432985193,764.3686359041842,0.0,0.0,0.8045,0.0,0.0,120.0
58,1.625,-1061.667713766979,3.0,Moscow,-1106.5256994956628,44.85798572868385,[ 88. 110.],99.0,[156000. 182000.],169000.0,personal_vehicle,business,23.419294096,102.12278491158182,-667.7458509926024,769.8686359041842,0.0,0.0,0.8045,0.0,0.0,120.0
59,1.625,-1032.6660583199582,3.0,Moscow,-1090.187794048642,57.52173572868385,[110. 154.],132.0,[156000. 182000.],169000.0,personal_vehicle,business,29.891792128000002,124.23688178236371,-653.8817541218204,778.1186359041842,0.0,0.0,0.8045,0.0,0.0,120.0
60,1.625,-979.3536812117954,3.0,Moscow,-1053.7604169404792,74.40673572868386,[154. 198.],176.0,[156000. 182000.],169000.0,personal_vehicle,business,38.521789504000004,162.7337308483101,-626.3849050558741,789.1186359041842,0.0,0.0,0.8045,0.0,0.0,120.0
61,1.625,-922.4881056786694,3.0,Moscow,-1013.7798414073533,91.29173572868386,[198. 242.],220.0,[156000. 182000.],169000.0,personal_vehicle,business,47.15178688,203.41716356038765,-596.7014723437966,800.1186359041842,0.0,0.0,0.8045,0.0,0.0,120.0
62,1.625,-865.6225301455434,3.0,Moscow,-973.7992658742272,108.17673572868385,[242. 286.],264.0,[156000. 182000.],169000.0,personal_vehicle,business,55.78178425600001,244.10059627246517,-567.018039631719,811.1186359041842,0.0,0.0,0.8045,0.0,0.0,120.0
63,2.25,-1580.8445508793236,3.0,Moscow,-1591.9325366080075,11.08798572868385,[ 0. 22.],11.0,[182000. 286000.],234000.0,personal_vehicle,business,6.159299344000001,42.53359136048486,-705.3350445436994,747.8686359041842,0.0,0.0,0.8045,0.0,0.0,120.0
64,2.25,-1563.6807715222064,3.0,Moscow,-1583.2112572508902,19.53048572868385,[22. 44.],33.0,[182000. 286000.],234000.0,personal_vehicle,business,10.474298032,53.74416054675902,-699.6244753574251,753.3686359041842,0.0,0.0,0.8045,0.0,0.0,120.0
65,2.25,-1533.8631308174058,3.0,Moscow,-1561.8361165460897,27.972985728683852,[44. 66.],55.0,[182000. 286000.],234000.0,personal_vehicle,business,14.78929672,70.57866810978153,-688.2899677944026,758.8686359041842,0.0,0.0,0.8045,0.0,0.0,120.0
66,2.25,-1505.6503770136683,3.0,Moscow,-1542.0658627423522,36.41548572868385,[66. 88.],77.0,[182000. 286000.],234000.0,personal_vehicle,business,19.104295408000002,86.69989260566487,-677.6687432985193,764.3686359041842,0.0,0.0,0.8045,0.0,0.0,120.0
67,2.25,-1479.0088706373556,3.0,Moscow,-1523.8668563660394,44.85798572868385,[ 88. 110.],99.0,[182000. 286000.],234000.0,personal_vehicle,business,23.419294096,102.12278491158182,-667.7458509926024,769.8686359041842,0.0,0.0,0.8045,0.0,0.0,120.0
68,2.25,-1441.342154646096,3.0,Moscow,-1498.8638903747799,57.52173572868385,[110. 154.],132.0,[182000. 286000.],234000.0,personal_vehicle,business,29.891792128000002,124.23688178236371,-653.8817541218204,778.1186359041842,0.0,0.0,0.8045,0.0,0.0,120.0
69,2.25,-1370.8442468717167,3.0,Moscow,-1445.2509826004004,74.40673572868386,[154. 198.],176.0,[182000. 286000.],234000.0,personal_vehicle,business,38.521789504000004,162.7337308483101,-626.3849050558741,789.1186359041842,0.0,0.0,0.8045,0.0,0.0,120.0
70,2.25,-1295.4265258935425,3.0,Moscow,-1386.7182616222262,91.29173572868386,[198. 242.],220.0,[182000. 286000.],234000.0,personal_vehicle,business,47.15178688,203.41716356038765,-596.7014723437966,800.1186359041842,0.0,0.0,0.8045,0.0,0.0,120.0
71,2.25,-1220.0088049153678,3.0,Moscow,-1328.1855406440516,108.17673572868385,[242. 286.],264.0,[182000. 286000.],234000.0,personal_vehicle,business,55.78178425600001,244.10059627246517,-567.018039631719,811.1186359041842,0.0,0.0,0.8045,0.0,0.0,120.0
72,3.25,-2286.179595423023,3.0,Moscow,-2297.2675811517065,11.08798572868385,[ 0. 22.],11.0,[286000. 390000.],338000.0,personal_vehicle,business,6.159299344000001,42.53359136048486,-705.3350445436994,747.8686359041842,0.0,0.0,0.8045,0.0,0.0,120.0
73,3.25,-2263.3052468796313,3.0,Moscow,-2282.835732608315,19.53048572868385,[22. 44.],33.0,[286000. 390000.],338000.0,personal_vehicle,business,10.474298032,53.74416054675902,-699.6244753574251,753.3686359041842,0.0,0.0,0.8045,0.0,0.0,120.0
74,3.25,-2222.1530986118087,3.0,Moscow,-2250.1260843404925,27.972985728683852,[44. 66.],55.0,[286000. 390000.],338000.0,personal_vehicle,business,14.78929672,70.57866810978153,-688.2899677944026,758.8686359041842,0.0,0.0,0.8045,0.0,0.0,120.0
75,3.25,-2183.319120312188,3.0,Moscow,-2219.7346060408718,36.41548572868385,[66. 88.],77.0,[286000. 390000.],338000.0,personal_vehicle,business,19.104295408000002,86.69989260566487,-677.6687432985193,764.3686359041842,0.0,0.0,0.8045,0.0,0.0,120.0
76,3.25,-2146.7547216299577,3.0,Moscow,-2191.6127073586417,44.85798572868385,[ 88. 110.],99.0,[286000. 390000.],338000.0,personal_vehicle,business,23.419294096,102.12278491158182,-667.7458509926024,769.8686359041842,0.0,0.0,0.8045,0.0,0.0,120.0
77,3.25,-2095.2239087679163,3.0,Moscow,-2152.7456444966,57.52173572868385,[110. 154.],132.0,[286000. 390000.],338000.0,personal_vehicle,business,29.891792128000002,124.23688178236371,-653.8817541218204,778.1186359041842,0.0,0.0,0.8045,0.0,0.0,120.0
78,3.25,-1997.229151927591,3.0,Moscow,-2071.635887656275,74.40673572868386,[154. 198.],176.0,[286000. 390000.],338000.0,personal_vehicle,business,38.521789504000004,162.7337308483101,-626.3849050558741,789.1186359041842,0.0,0.0,0.8045,0.0,0.0,120.0
79,3.25,-1892.127998237339,3.0,Moscow,-1983.4197339660227,91.29173572868386,[198. 242.],220.0,[286000. 390000.],338000.0,personal_vehicle,business,47.15178688,203.41716356038765,-596.7014723437966,800.1186359041842,0.0,0.0,0.8045,0.0,0.0,120.0
80,3.25,-1787.0268445470867,3.0,Moscow,-1895.2035802757705,108.17673572868385,[242. 286.],264.0,[286000. 390000.],338000.0,personal_vehicle,business,55.78178425600001,244.10059627246517,-567.018039631719,811.1186359041842,0.0,0.0,0.8045,0.0,0.0,120.0
81,4.25,-2991.5146399667224,3.0,Moscow,-3002.602625695406,11.08798572868385,[ 0. 22.],11.0,[390000. 494000.],442000.0,personal_vehicle,business,6.159299344000001,42.53359136048486,-705.3350445436994,747.8686359041842,0.0,0.0,0.8045,0.0,0.0,120.0
82,4.25,-2962.9297222370565,3.0,Moscow,-2982.46020796574,19.53048572868385,[22. 44.],33.0,[390000. 494000.],442000.0,personal_vehicle,business,10.474298032,53.74416054675902,-699.6244753574251,753.3686359041842,0.0,0.0,0.8045,0.0,0.0,120.0
83,4.25,-2910.443066406211,3.0,Moscow,-2938.416052134895,27.972985728683852,[44. 66.],55.0,[390000. 494000.],442000.0,personal_vehicle,business,14.78929672,70.57866810978153,-688.2899677944026,758.8686359041842,0.0,0.0,0.8045,0.0,0.0,120.0
84,4.25,-2860.9878636107073,3.0,Moscow,-2897.4033493393913,36.41548572868385,[66. 88.],77.0,[390000. 494000.],442000.0,personal_vehicle,business,19.104295408000002,86.69989260566487,-677.6687432985193,764.3686359041842,0.0,0.0,0.8045,0.0,0.0,120.0
85,4.25,-2814.50057262256,3.0,Moscow,-2859.358558351244,44.85798572868385,[ 88. 110.],99.0,[390000. 494000.],442000.0,personal_vehicle,business,23.419294096,102.12278491158182,-667.7458509926024,769.8686359041842,0.0,0.0,0.8045,0.0,0.0,120.0
86,4.25,-2749.105662889737,3.0,Moscow,-2806.6273986184206,57.52173572868385,[110. 154.],132.0,[390000. 494000.],442000.0,personal_vehicle,business,29.891792128000002,124.23688178236371,-653.8817541218204,778.1186359041842,0.0,0.0,0.8045,0.0,0.0,120.0
87,4.25,-2623.614056983465,3.0,Moscow,-2698.020792712149,74.40673572868386,[154. 198.],176.0,[390000. 494000.],442000.0,personal_vehicle,business,38.521789504000004,162.7337308483101,-626.3849050558741,789.1186359041842,0.0,0.0,0.8045,0.0,0.0,120.0
88,4.25,-2488.8294705811354,3.0,Moscow,-2580.121206309819,91.29173572868386,[198. 242.],220.0,[390000. 494000.],442000.0,personal_vehicle,business,47.15178688,203.41716356038765,-596.7014723437966,800.1186359041842,0.0,0.0,0.8045,0.0,0.0,120.0
89,4.25,-2354.044884178806,3.0,Moscow,-2462.22161990749,108.17673572868385,[242. 286.],264.0,[390000. 494000.],442000.0,personal_vehicle,business,55.78178425600001,244.10059627246517,-567.018039631719,811.1186359041842,0.0,0.0,0.8045,0.0,0.0,120.0
90,0.0625,-37.924140939981214,3.0,Moscow,-49.01212666866506,11.08798572868385,[ 0. 22.],11.0,[    0. 26000.],13000.0,personal_vehicle,personal,6.159299344000001,42.53359136048486,-705.3350445436994,747.8686359041842,0.0,0.0,0.8045,0.0,0.0,120.0
91,0.0625,-33.25223167783907,3.0,Moscow,-52.78271740652292,19.53048572868385,[22. 44.],33.0,[    0. 26000.],13000.0,personal_vehicle,personal,10.474298032,53.74416054675902,-699.6244753574251,753.3686359041842,0.0,0.0,0.8045,0.0,0.0,120.0
92,0.0625,-28.228826267150165,3.0,Moscow,-56.20181199583402,27.972985728683852,[44. 66.],55.0,[    0. 26000.],13000.0,personal_vehicle,personal,14.78929672,70.57866810978153,-688.2899677944026,758.8686359041842,0.0,0.0,0.8045,0.0,0.0,120.0
93,0.0625,-23.250001048157454,3.0,Moscow,-59.665486776841306,36.41548572868385,[66. 88.],77.0,[    0. 26000.],13000.0,personal_vehicle,personal,19.104295408000002,86.69989260566487,-677.6687432985193,764.3686359041842,0.0,0.0,0.8045,0.0,0.0,120.0
94,0.0625,-18.31482159103765,3.0,Moscow,-63.1728073197215,44.85798572868385,[ 88. 110.],99.0,[    0. 26000.],13000.0,personal_vehicle,personal,23.419294096,102.12278491158182,-667.7458509926024,769.8686359041842,0.0,0.0,0.8045,0.0,0.0,120.0
95,0.0625,-10.975817504613776,3.0,Moscow,-68.49755323329762,57.52173572868385,[110. 154.],132.0,[    0. 26000.],13000.0,personal_vehicle,personal,29.891792128000002,124.23688178236371,-653.8817541218204,778.1186359041842,0.0,0.0,0.8045,0.0,0.0,120.0
96,0.0625,-0.6272670619921286,3.0,Moscow,-75.03400279067598,74.40673572868386,[154. 198.],176.0,[    0. 26000.],13000.0,personal_vehicle,personal,38.521789504000004,162.7337308483101,-626.3849050558741,789.1186359041842,0.0,0.0,0.8045,0.0,0.0,120.0
97,0.0625,9.857944858512717,3.0,Moscow,-81.43379087017115,91.29173572868386,[198. 242.],220.0,[    0. 26000.],13000.0,personal_vehicle,personal,47.15178688,203.41716356038765,-596.7014723437966,800.1186359041842,0.0,0.0,0.8045,0.0,0.0,120.0
98,0.0625,20.34315677901757,3.0,Moscow,-87.83357894966628,108.17673572868385,[242. 286.],264.0,[    0. 26000.],13000.0,personal_vehicle,personal,55.78178425600001,244.10059627246517,-567.018039631719,811.1186359041842,0.0,0.0,0.8045,0.0,0.0,120.0
99,0.1875,-126.09102150794362,3.0,Moscow,-137.17900723662748,11.08798572868385,[ 0. 22.],11.0,[26000. 52000.],39000.0,personal_vehicle,personal,6.159299344000001,42.53359136048486,-705.3350445436994,747.8686359041842,0.0,0.0,0.8045,0.0,0.0,120.0
100,0.1875,-120.7052910975172,3.0,Moscow,-140.23577682620106,19.53048572868385,[22. 44.],33.0,[26000. 52000.],39000.0,personal_vehicle,personal,10.474298032,53.74416054675902,-699.6244753574251,753.3686359041842,0.0,0.0,0.8045,0.0,0.0,120.0
101,0.1875,-114.26507224145051,3.0,Moscow,-142.23805797013438,27.972985728683852,[44. 66.],55.0,[26000. 52000.],39000.0,personal_vehicle,personal,14.78929672,70.57866810978153,-688.2899677944026,758.8686359041842,0.0,0.0,0.8045,0.0,0.0,120.0
102,0.1875,-107.95859396047237,3.0,Moscow,-144.37407968915622,36.41548572868385,[66. 88.],77.0,[26000. 52000.],39000.0,personal_vehicle,personal,19.104295408000002,86.69989260566487,-677.6687432985193,764.3686359041842,0.0,0.0,0.8045,0.0,0.0,120.0
103,0.1875,-101.78305296511296,3.0,Moscow,-146.64103869379682,44.85798572868385,[ 88. 110.],99.0,[26000. 52000.],39000.0,personal_vehicle,personal,23.419294096,102.12278491158182,-667.7458509926024,769.8686359041842,0.0,0.0,0.8045,0.0,0.0,120.0
104,0.1875,-92.71103676984133,3.0,Moscow,-150.23277249852518,57.52173572868385,[110. 154.],132.0,[26000. 52000.],39000.0,personal_vehicle,personal,29.891792128000002,124.23688178236371,-653.8817541218204,778.1186359041842,0.0,0.0,0.8045,0.0,0.0,120.0
105,0.1875,-78.9253801939764,3.0,Moscow,-153.33211592266025,74.40673572868386,[154. 198.],176.0,[26000. 52000.],39000.0,personal_vehicle,personal,38.521789504000004,162.7337308483101,-626.3849050558741,789.1186359041842,0.0,0.0,0.8045,0.0,0.0,120.0
106,0.1875,-64.72973918446186,3.0,Moscow,-156.0214749131457,91.29173572868386,[198. 242.],220.0,[26000. 52000.],39000.0,personal_vehicle,personal,47.15178688,203.41716356038765,-596.7014723437966,800.1186359041842,0.0,0.0,0.8045,0.0,0.0,120.0
107,0.1875,-50.5340981749473,3.0,Moscow,-158.71083390363117,108.17673572868385,[242. 286.],264.0,[26000. 52000.],39000.0,personal_vehicle,personal,55.78178425600001,244.10059627246517,-567.018039631719,811.1186359041842,0.0,0.0,0.8045,0.0,0.0,120.0
108,0.3125,-214.25790207590606,3.0,Moscow,-225.34588780458992,11.08798572868385,[ 0. 22.],11.0,[52000. 78000.],65000.0,personal_vehicle,personal,6.159299344000001,42.53359136048486,-705.3350445436994,747.8686359041842,0.0,0.0,0.8045,0.0,0.0,120.0
109,0.3125,-208.15835051719534,3.0,Moscow,-227.6888362458792,19.53048572868385,[22. 44.],33.0,[52000. 78000.],65000.0,personal_vehicle,personal,10.474298032,53.74416054675902,-699.6244753574251,753.3686359041842,0.0,0.0,0.8045,0.0,0.0,120.0
110,0.3125,-200.3013182157508,3.0,Moscow,-228.27430394443465,27.972985728683852,[44. 66.],55.0,[52000. 78000.],65000.0,personal_vehicle,personal,14.78929672,70.57866810978153,-688.2899677944026,758.8686359041842,0.0,0.0,0.8045,0.0,0.0,120.0
111,0.3125,-192.66718687278725,3.0,Moscow,-229.0826726014711,36.41548572868385,[66. 88.],77.0,[52000. 78000.],65000.0,personal_vehicle,personal,19.104295408000002,86.69989260566487,-677.6687432985193,764.3686359041842,0.0,0.0,0.8045,0.0,0.0,120.0
112,0.3125,-185.25128433918826,3.0,Moscow,-230.1092700678721,44.85798572868385,[ 88. 110.],99.0,[52000. 78000.],65000.0,personal_vehicle,personal,23.419294096,102.12278491158182,-667.7458509926024,769.8686359041842,0.0,0.0,0.8045,0.0,0.0,120.0
113,0.3125,-174.4462560350689,3.0,Moscow,-231.96799176375276,57.52173572868385,[110. 154.],132.0,[52000. 78000.],65000.0,personal_vehicle,personal,29.891792128000002,124.23688178236371,-653.8817541218204,778.1186359041842,0.0,0.0,0.8045,0.0,0.0,120.0
114,0.3125,-157.22349332596067,3.0,Moscow,-231.63022905464453,74.40673572868386,[154. 198.],176.0,[52000. 78000.],65000.0,personal_vehicle,personal,38.521789504000004,162.7337308483101,-626.3849050558741,789.1186359041842,0.0,0.0,0.8045,0.0,0.0,120.0
115,0.3125,-139.31742322743642,3.0,Moscow,-230.60915895612027,91.29173572868386,[198. 242.],220.0,[52000. 78000.],65000.0,personal_vehicle,personal,47.15178688,203.41716356038765,-596.7014723437966,800.1186359041842,0.0,0.0,0.8045,0.0,0.0,120.0
116,0.3125,-121.4113531289122,3.0,Moscow,-229.58808885759606,108.17673572868385,[242. 286.],264.0,[52000. 78000.],65000.0,personal_vehicle,personal,55.78178425600001,244.10059627246517,-567.018039631719,811.1186359041842,0.0,0.0,0.8045,0.0,0.0,120.0
117,0.43749999999999994,-302.42478264386847,3.0,Moscow,-313.51276837255233,11.08798572868385,[ 0. 22.],11.0,[ 78000. 104000.],91000.0,personal_vehicle,personal,6.159299344000001,42.53359136048486,-705.3350445436994,747.8686359041842,0.0,0.0,0.8045,0.0,0.0,120.0
118,0.43749999999999994,-295.6114099368735,3.0,Moscow,-315.14189566555734,19.53048572868385,[22. 44.],33.0,[ 78000. 104000.],91000.0,personal_vehicle,personal,10.474298032,53.74416054675902,-699.6244753574251,753.3686359041842,0.0,0.0,0.8045,0.0,0.0,120.0
119,0.43749999999999994,-286.3375641900511,3.0,Moscow,-314.310549918735,27.972985728683852,[44. 66.],55.0,[ 78000. 104000.],91000.0,personal_vehicle,personal,14.78929672,70.57866810978153,-688.2899677944026,758.8686359041842,0.0,0.0,0.8045,0.0,0.0,120.0
120,0.43749999999999994,-277.37577978510217,3.0,Moscow,-313.791265513786,36.41548572868385,[66. 88.],77.0,[ 78000. 104000.],91000.0,personal_vehicle,personal,19.104295408000002,86.69989260566487,-677.6687432985193,764.3686359041842,0.0,0.0,0.8045,0.0,0.0,120.0
121,0.43749999999999994,-268.71951571326355,3.0,Moscow,-313.5775014419474,44.85798572868385,[ 88. 110.],99.0,[ 78000. 104000.],91000.0,personal_vehicle,personal,23.419294096,102.12278491158182,-667.7458509926024,769.8686359041842,0.0,0.0,0.8045,0.0,0.0,120.0
122,0.43749999999999994,-256.18147530029637,3.0,Moscow,-313.7032110289802,57.52173572868385,[110. 154.],132.0,[ 78000. 104000.],91000.0,personal_vehicle,personal,29.891792128000002,124.23688178236371,-653.8817541218204,778.1186359041842,0.0,0.0,0.8045,0.0,0.0,120.0
123,0.43749999999999994,-235.5216064579449,3.0,Moscow,-309.92834218662875,74.40673572868386,[154. 198.],176.0,[ 78000. 104000.],91000.0,personal_vehicle,personal,38.521789504000004,162.7337308483101,-626.3849050558741,789.1186359041842,0.0,0.0,0.8045,0.0,0.0,120.0
124,0.43749999999999994,-213.90510727041098,3.0,Moscow,-305.1968429990948,91.29173572868386,[198. 242.],220.0,[ 78000. 104000.],91000.0,personal_vehicle,personal,47.15178688,203.41716356038765,-596.7014723437966,800.1186359041842,0.0,0.0,0.8045,0.0,0.0,120.0
125,0.43749999999999994,-192.28860808287703,3.0,Moscow,-300.4653438115609,108.17673572868385,[242. 286.],264.0,[ 78000. 104000.],91000.0,personal_vehicle,personal,55.78178425600001,244.10059627246517,-567.018039631719,811.1186359041842,0.0,0.0,0.8045,0.0,0.0,120.0
126,0.5625,-390.5916632118309,3.0,Moscow,-401.67964894051477,11.08798572868385,[ 0. 22.],11.0,[104000. 130000.],117000.0,personal_vehicle,personal,6.159299344000001,42.53359136048486,-705.3350445436994,747.8686359041842,0.0,0.0,0.8045,0.0,0.0,120.0
127,0.5625,-383.0644693565516,3.0,Moscow,-402.5949550852355,19.53048572868385,[22. 44.],33.0,[104000. 130000.],117000.0,personal_vehicle,personal,10.474298032,53.74416054675902,-699.6244753574251,753.3686359041842,0.0,0.0,0.8045,0.0,0.0,120.0
128,0.5625,-372.3738101643515,3.0,Moscow,-400.34679589303533,27.972985728683852,[44. 66.],55.0,[104000. 130000.],117000.0,personal_vehicle,personal,14.78929672,70.57866810978153,-688.2899677944026,758.8686359041842,0.0,0.0,0.8045,0.0,0.0,120.0
129,0.5625,-362.0843726974171,3.0,Moscow,-398.49985842610096,36.41548572868385,[66. 88.],77.0,[104000. 130000.],117000.0,personal_vehicle,personal,19.104295408000002,86.69989260566487,-677.6687432985193,764.3686359041842,0.0,0.0,0.8045,0.0,0.0,120.0
130,0.5625,-352.1877470873389,3.0,Moscow,-397.04573281602273,44.85798572868385,[ 88. 110.],99.0,[104000. 130000.],117000.0,personal_vehicle,personal,23.419294096,102.12278491158182,-667.7458509926024,769.8686359041842,0.0,0.0,0.8045,0.0,0.0,120.0
131,0.5625,-337.916694565524,3.0,Moscow,-395.4384302942078,57.52173572868385,[110. 154.],132.0,[104000. 130000.],117000.0,personal_vehicle,personal,29.891792128000002,124.23688178236371,-653.8817541218204,778.1186359041842,0.0,0.0,0.8045,0.0,0.0,120.0
132,0.5625,-313.81971958992915,3.0,Moscow,-388.22645531861303,74.40673572868386,[154. 198.],176.0,[104000. 130000.],117000.0,personal_vehicle,personal,38.521789504000004,162.7337308483101,-626.3849050558741,789.1186359041842,0.0,0.0,0.8045,0.0,0.0,120.0
133,0.5625,-288.4927913133856,3.0,Moscow,-379.7845270420695,91.29173572868386,[198. 242.],220.0,[104000. 130000.],117000.0,personal_vehicle,personal,47.15178688,203.41716356038765,-596.7014723437966,800.1186359041842,0.0,0.0,0.8045,0.0,0.0,120.0
134,0.5625,-263.165863036842,3.0,Moscow,-371.34259876552585,108.17673572868385,[242. 286.],264.0,[104000. 130000.],117000.0,personal_vehicle,personal,55.78178425600001,244.10059627246517,-567.018039631719,811.1186359041842,0.0,0.0,0.8045,0.0,0.0,120.0
135,0.6874999999999999,-478.7585437797933,3.0,Moscow,-489.84652950847715,11.08798572868385,[ 0. 22.],11.0,[130000. 156000.],143000.0,personal_vehicle,personal,6.159299344000001,42.53359136048486,-705.3350445436994,747.8686359041842,0.0,0.0,0.8045,0.0,0.0,120.0
136,0.6874999999999999,-470.5175287762297,3.0,Moscow,-490.04801450491357,19.53048572868385,[22. 44.],33.0,[130000. 156000.],143000.0,personal_vehicle,personal,10.474298032,53.74416054675902,-699.6244753574251,753.3686359041842,0.0,0.0,0.8045,0.0,0.0,120.0
137,0.6874999999999999,-458.4100561386517,3.0,Moscow,-486.3830418673356,27.972985728683852,[44. 66.],55.0,[130000. 156000.],143000.0,personal_vehicle,personal,14.78929672,70.57866810978153,-688.2899677944026,758.8686359041842,0.0,0.0,0.8045,0.0,0.0,120.0
138,0.6874999999999999,-446.79296560973194,3.0,Moscow,-483.2084513384158,36.41548572868385,[66. 88.],77.0,[130000. 156000.],143000.0,personal_vehicle,personal,19.104295408000002,86.69989260566487,-677.6687432985193,764.3686359041842,0.0,0.0,0.8045,0.0,0.0,120.0
139,0.6874999999999999,-435.6559784614141,3.0,Moscow,-480.51396419009797,44.85798572868385,[ 88. 110.],99.0,[130000. 156000.],143000.0,personal_vehicle,personal,23.419294096,102.12278491158182,-667.7458509926024,769.8686359041842,0.0,0.0,0.8045,0.0,0.0,120.0
140,0.6874999999999999,-419.6519138307515,3.0,Moscow,-477.1736495594353,57.52173572868385,[110. 154.],132.0,[130000. 156000.],143000.0,personal_vehicle,personal,29.891792128000002,124.23688178236371,-653.8817541218204,778.1186359041842,0.0,0.0,0.8045,0.0,0.0,120.0
141,0.6874999999999999,-392.1178327219134,3.0,Moscow,-466.52456845059726,74.40673572868386,[154. 198.],176.0,[130000. 156000.],143000.0,personal_vehicle,personal,38.521789504000004,162.7337308483101,-626.3849050558741,789.1186359041842,0.0,0.0,0.8045,0.0,0.0,120.0
142,0.6874999999999999,-363.0804753563601,3.0,Moscow,-454.372211085044,91.29173572868386,[198. 242.],220.0,[130000. 156000.],143000.0,personal_vehicle,personal,47.15178688,203.41716356038765,-596.7014723437966,800.1186359041842,0.0,0.0,0.8045,0.0,0.0,120.0
143,0.6874999999999999,-334.04311799080676,3.0,Moscow,-442.21985371949063,108.17673572868385,[242. 286.],264.0,[130000. 156000.],143000.0,personal_vehicle,personal,55.78178425600001,244.10059627246517,-567.018039631719,811.1186359041842,0.0,0.0,0.8045,0.0,0.0,120.0
144,0.8125,-566.9254243477557,3.0,Moscow,-578.0134100764395,11.08798572868385,[ 0. 22.],11.0,[156000. 182000.],169000.0,personal_vehicle,personal,6.159299344000001,42.53359136048486,-705.3350445436994,747.8686359041842,0.0,0.0,0.8045,0.0,0.0,120.0
145,0.8125,-557.9705881959079,3.0,Moscow,-577.5010739245918,19.53048572868385,[22. 44.],33.0,[156000. 182000.],169000.0,personal_vehicle,personal,10.474298032,53.74416054675902,-699.6244753574251,753.3686359041842,0.0,0.0,0.8045,0.0,0.0,120.0
146,0.8125,-544.4463021129521,3.0,Moscow,-572.419287841636,27.972985728683852,[44. 66.],55.0,[156000. 182000.],169000.0,personal_vehicle,personal,14.78929672,70.57866810978153,-688.2899677944026,758.8686359041842,0.0,0.0,0.8045,0.0,0.0,120.0
147,0.8125,-531.5015585220469,3.0,Moscow,-567.9170442507308,36.41548572868385,[66. 88.],77.0,[156000. 182000.],169000.0,personal_vehicle,personal,19.104295408000002,86.69989260566487,-677.6687432985193,764.3686359041842,0.0,0.0,0.8045,0.0,0.0,120.0
148,0.8125,-519.1242098354894,3.0,Moscow,-563.9821955641733,44.85798572868385,[ 88. 110.],99.0,[156000. 182000.],169000.0,personal_vehicle,personal,23.419294096,102.12278491158182,-667.7458509926024,769.8686359041842,0.0,0.0,0.8045,0.0,0.0,120.0
149,0.8125,-501.38713309597904,3.0,Moscow,-558.9088688246629,57.52173572868385,[110. 154.],132.0,[156000. 182000.],169000.0,personal_vehicle,personal,29.891792128000002,124.23688178236371,-653.8817541218204,778.1186359041842,0.0,0.0,0.8045,0.0,0.0,120.0
150,0.8125,-470.4159458538977,3.0,Moscow,-544.8226815825816,74.40673572868386,[154. 198.],176.0,[156000. 182000.],169000.0,personal_vehicle,personal,38.521789504000004,162.7337308483101,-626.3849050558741,789.1186359041842,0.0,0.0,0.8045,0.0,0.0,120.0
151,0.8125,-437.66815939933474,3.0,Moscow,-528.9598951280186,91.29173572868386,[198. 242.],220.0,[156000. 182000.],169000.0,personal_vehicle,personal,47.15178688,203.41716356038765,-596.7014723437966,800.1186359041842,0.0,0.0,0.8045,0.0,0.0,120.0
152,0.8125,-404.92037294477166,3.0,Moscow,-513.0971086734555,108.17673572868385,[242. 286.],264.0,[156000. 182000.],169000.0,personal_vehicle,personal,55.78178425600001,244.10059627246517,-567.018039631719,811.1186359041842,0.0,0.0,0.8045,0.0,0.0,120.0
153,1.125,-787.3426257676617,3.0,Moscow,-798.4306114963456,11.08798572868385,[ 0. 22.],11.0,[182000. 286000.],234000.0,personal_vehicle,personal,6.159299344000001,42.53359136048486,-705.3350445436994,747.8686359041842,0.0,0.0,0.8045,0.0,0.0,120.0
154,1.125,-776.6032367451032,3.0,Moscow,-796.1337224737871,19.53048572868385,[22. 44.],33.0,[182000. 286000.],234000.0,personal_vehicle,personal,10.474298032,53.74416054675902,-699.6244753574251,753.3686359041842,0.0,0.0,0.8045,0.0,0.0,120.0
155,1.125,-759.5369170487029,3.0,Moscow,-787.5099027773867,27.972985728683852,[44. 66.],55.0,[182000. 286000.],234000.0,personal_vehicle,personal,14.78929672,70.57866810978153,-688.2899677944026,758.8686359041842,0.0,0.0,0.8045,0.0,0.0,120.0
156,1.125,-743.2730408028342,3.0,Moscow,-779.688526531518,36.41548572868385,[66. 88.],77.0,[182000. 286000.],234000.0,personal_vehicle,personal,19.104295408000002,86.69989260566487,-677.6687432985193,764.3686359041842,0.0,0.0,0.8045,0.0,0.0,120.0
157,1.125,-727.7947882706777,3.0,Moscow,-772.6527739993616,44.85798572868385,[ 88. 110.],99.0,[182000. 286000.],234000.0,personal_vehicle,personal,23.419294096,102.12278491158182,-667.7458509926024,769.8686359041842,0.0,0.0,0.8045,0.0,0.0,120.0
158,1.125,-705.725181259048,3.0,Moscow,-763.2469169877319,57.52173572868385,[110. 154.],132.0,[182000. 286000.],234000.0,personal_vehicle,personal,29.891792128000002,124.23688178236371,-653.8817541218204,778.1186359041842,0.0,0.0,0.8045,0.0,0.0,120.0
159,1.125,-666.1612286838583,3.0,Moscow,-740.5679644125422,74.40673572868386,[154. 198.],176.0,[182000. 286000.],234000.0,personal_vehicle,personal,38.521789504000004,162.7337308483101,-626.3849050558741,789.1186359041842,0.0,0.0,0.8045,0.0,0.0,120.0
160,1.125,-624.1373695067712,3.0,Moscow,-715.429105235455,91.29173572868386,[198. 242.],220.0,[182000. 286000.],234000.0,personal_vehicle,personal,47.15178688,203.41716356038765,-596.7014723437966,800.1186359041842,0.0,0.0,0.8045,0.0,0.0,120.0
161,1.125,-582.1135103296839,3.0,Moscow,-690.2902460583678,108.17673572868385,[242. 286.],264.0,[182000. 286000.],234000.0,personal_vehicle,personal,55.78178425600001,244.10059627246517,-567.018039631719,811.1186359041842,0.0,0.0,0.8045,0.0,0.0,120.0
162,1.625,-1140.0101480395115,3.0,Moscow,-1151.0981337681953,11.08798572868385,[ 0. 22.],11.0,[286000. 390000.],338000.0,personal_vehicle,personal,6.159299344000001,42.53359136048486,-705.3350445436994,747.8686359041842,0.0,0.0,0.8045,0.0,0.0,120.0
163,1.625,-1126.4154744238158,3.0,Moscow,-1145.9459601524995,19.53048572868385,[22. 44.],33.0,[286000. 390000.],338000.0,personal_vehicle,personal,10.474298032,53.74416054675902,-699.6244753574251,753.3686359041842,0.0,0.0,0.8045,0.0,0.0,120.0
164,1.625,-1103.6819009459043,3.0,Moscow,-1131.6548866745882,27.972985728683852,[44. 66.],55.0,[286000. 390000.],338000.0,personal_vehicle,personal,14.78929672,70.57866810978153,-688.2899677944026,758.8686359041842,0.0,0.0,0.8045,0.0,0.0,120.0
165,1.625,-1082.1074124520937,3.0,Moscow,-1118.5228981807777,36.41548572868385,[66. 88.],77.0,[286000. 390000.],338000.0,personal_vehicle,personal,19.104295408000002,86.69989260566487,-677.6687432985193,764.3686359041842,0.0,0.0,0.8045,0.0,0.0,120.0
166,1.625,-1061.667713766979,3.0,Moscow,-1106.5256994956628,44.85798572868385,[ 88. 110.],99.0,[286000. 390000.],338000.0,personal_vehicle,personal,23.419294096,102.12278491158182,-667.7458509926024,769.8686359041842,0.0,0.0,0.8045,0.0,0.0,120.0
167,1.625,-1032.6660583199582,3.0,Moscow,-1090.187794048642,57.52173572868385,[110. 154.],132.0,[286000. 390000.],338000.0,personal_vehicle,personal,29.891792128000002,124.23688178236371,-653.8817541218204,778.1186359041842,0.0,0.0,0.8045,0.0,0.0,120.0
168,1.625,-979.3536812117954,3.0,Moscow,-1053.7604169404792,74.40673572868386,[154. 198.],176.0,[286000. 390000.],338000.0,personal_vehicle,personal,38.521789504000004,162.7337308483101,-626.3849050558741,789.1186359041842,0.0,0.0,0.8045,0.0,0.0,120.0
169,1.625,-922.4881056786694,3.0,Moscow,-1013.7798414073533,91.29173572868386,[198. 242.],220.0,[286000. 390000.],338000.0,personal_vehicle,personal,47.15178688,203.41716356038765,-596.7014723437966,800.1186359041842,0.0,0.0,0.8045,0.0,0.0,120.0
170,1.625,-865.6225301455434,3.0,Moscow,-973.7992658742272,108.17673572868385,[242. 286.],264.0,[286000. 390000.],338000.0,personal_vehicle,personal,55.78178425600001,244.10059627246517,-567.018039631719,811.1186359041842,0.0,0.0,0.8045,0.0,0.0,120.0
171,2.125,-1492.6776703113612,3.0,Moscow,-1503.765656040045,11.08798572868385,[ 0. 22.],11.0,[390000. 494000.],442000.0,personal_vehicle,personal,6.159299344000001,42.53359136048486,-705.3350445436994,747.8686359041842,0.0,0.0,0.8045,0.0,0.0,120.0
172,2.125,-1476.2277121025284,3.0,Moscow,-1495.758197831212,19.53048572868385,[22. 44.],33.0,[390000. 494000.],442000.0,personal_vehicle,personal,10.474298032,53.74416054675902,-699.6244753574251,753.3686359041842,0.0,0.0,0.8045,0.0,0.0,120.0
173,2.125,-1447.8268848431055,3.0,Moscow,-1475.7998705717894,27.972985728683852,[44. 66.],55.0,[390000. 494000.],442000.0,personal_vehicle,personal,14.78929672,70.57866810978153,-688.2899677944026,758.8686359041842,0.0,0.0,0.8045,0.0,0.0,120.0
174,2.125,-1420.9417841013535,3.0,Moscow,-1457.3572698300372,36.41548572868385,[66. 88.],77.0,[390000. 494000.],442000.0,personal_vehicle,personal,19.104295408000002,86.69989260566487,-677.6687432985193,764.3686359041842,0.0,0.0,0.8045,0.0,0.0,120.0
175,2.125,-1395.5406392632801,3.0,Moscow,-1440.398624991964,44.85798572868385,[ 88. 110.],99.0,[390000. 494000.],442000.0,personal_vehicle,personal,23.419294096,102.12278491158182,-667.7458509926024,769.8686359041842,0.0,0.0,0.8045,0.0,0.0,120.0
176,2.125,-1359.6069353808684,3.0,Moscow,-1417.1286711095522,57.52173572868385,[110. 154.],132.0,[390000. 494000.],442000.0,personal_vehicle,personal,29.891792128000002,124.23688178236371,-653.8817541218204,778.1186359041842,0.0,0.0,0.8045,0.0,0.0,120.0
177,2.125,-1292.5461337397326,3.0,Moscow,-1366.9528694684163,74.40673572868386,[154. 198.],176.0,[390000. 494000.],442000.0,personal_vehicle,personal,38.521789504000004,162.7337308483101,-626.3849050558741,789.1186359041842,0.0,0.0,0.8045,0.0,0.0,120.0
178,2.125,-1220.8388418505679,3.0,Moscow,-1312.1305775792516,91.29173572868386,[198. 242.],220.0,[390000. 494000.],442000.0,personal_vehicle,personal,47.15178688,203.41716356038765,-596.7014723437966,800.1186359041842,0.0,0.0,0.8045,0.0,0.0,120.0
179,2.125,-1149.131549961403,3.0,Moscow,-1257.3082856900867,108.17673572868385,[242. 286.],264.0,[390000. 494000.],442000.0,personal_vehicle,personal,55.78178425600001,244.10059627246517,-567.018039631719,811.1186359041842,0.0,0.0,0.8045,0.0,0.0,120.0
180,0.125,-88.42125625976165,3.0,Moscow,-99.5092419884455,11.08798572868385,[ 0. 22.],11.0,[    0. 26000.],13000.0,public_transit,business,0.73947807,34.58276126609103,-713.2858746380932,747.8686359041842,0.0,0.0,0.8045,0.0,0.0,120.0
181,0.125,-84.76469071296775,3.0,Moscow,-104.29517644165159,19.53048572868385,[22. 44.],33.0,[    0. 26000.],13000.0,public_transit,business,0.73947807,69.3352856404422,-684.033350263742,753.3686359041842,0.0,0.0,0.8045,0.0,0.0,120.0
182,0.125,-67.7826135941249,3.0,Moscow,-95.75559932280875,27.972985728683852,[44. 66.],55.0,[    0. 26000.],13000.0,public_transit,business,14.56126177,100.11763299118503,-658.7510029129992,758.8686359041842,0.0,0.0,0.8045,0.0,0.0,120.0
183,0.125,-64.8815517411826,3.0,Moscow,-101.29703746986645,36.41548572868385,[66. 88.],77.0,[    0. 26000.],13000.0,public_transit,business,14.56126177,128.82612781472332,-635.5425080894609,764.3686359041842,0.0,0.0,0.8045,0.0,0.0,120.0
184,0.125,-62.14780769426582,3.0,Moscow,-107.00579342294967,44.85798572868385,[ 88. 110.],99.0,[    0. 26000.],13000.0,public_transit,business,14.56126177,156.1960801900576,-613.6725557141266,769.8686359041842,0.0,0.0,0.8045,0.0,0.0,120.0
185,0.125,-58.264866776540586,3.0,Moscow,-115.78660250522444,57.52173572868385,[110. 154.],132.0,[    0. 26000.],13000.0,public_transit,business,14.56126177,195.50960753185944,-582.6090283723247,778.1186359041842,0.0,0.0,0.8045,0.0,0.0,120.0
186,0.125,-51.89666465439433,3.0,Moscow,-126.30340038307818,74.40673572868386,[154. 198.],176.0,[    0. 26000.],13000.0,public_transit,business,14.56126177,257.45522450902956,-531.6634113951546,789.1186359041842,0.0,0.0,0.8045,0.0,0.0,120.0
187,0.125,-45.22618888848715,3.0,Moscow,-136.51792461717102,91.29173572868386,[198. 242.],220.0,[    0. 26000.],13000.0,public_transit,business,14.56126177,321.819030636287,-478.2996052678972,800.1186359041842,0.0,0.0,0.8045,0.0,0.0,120.0
188,0.125,-38.555713122579974,3.0,Moscow,-146.73244885126383,108.17673572868385,[242. 286.],264.0,[    0. 26000.],13000.0,public_transit,business,14.56126177,386.1828367635444,-424.9357991406398,811.1186359041842,0.0,0.0,0.8045,0.0,0.0,120.0
189,0.375,-266.7427249192849,3.0,Moscow,-277.8307106479688,11.08798572868385,[ 0. 22.],11.0,[26000. 52000.],39000.0,public_transit,business,0.73947807,34.58276126609103,-713.2858746380932,747.8686359041842,0.0,0.0,0.8045,0.0,0.0,120.0
190,0.375,-255.77302827890324,3.0,Moscow,-275.30351400758707,19.53048572868385,[22. 44.],33.0,[26000. 52000.],39000.0,public_transit,business,0.73947807,69.3352856404422,-684.033350263742,753.3686359041842,0.0,0.0,0.8045,0.0,0.0,120.0
191,0.375,-232.4703643223747,3.0,Moscow,-260.4433500510586,27.972985728683852,[44. 66.],55.0,[26000. 52000.],39000.0,public_transit,business,14.56126177,100.11763299118503,-658.7510029129992,758.8686359041842,0.0,0.0,0.8045,0.0,0.0,120.0
192,0.375,-223.76717876354783,3.0,Moscow,-260.18266449223165,36.41548572868385,[66. 88.],77.0,[26000. 52000.],39000.0,public_transit,business,14.56126177,128.82612781472332,-635.5425080894609,764.3686359041842,0.0,0.0,0.8045,0.0,0.0,120.0
193,0.375,-215.56594662279747,3.0,Moscow,-260.4239323514813,44.85798572868385,[ 88. 110.],99.0,[26000. 52000.],39000.0,public_transit,business,14.56126177,156.1960801900576,-613.6725557141266,769.8686359041842,0.0,0.0,0.8045,0.0,0.0,120.0
194,0.375,-203.91712386962178,3.0,Moscow,-261.4388595983056,57.52173572868385,[110. 154.],132.0,[26000. 52000.],39000.0,public_transit,business,14.56126177,195.50960753185944,-582.6090283723247,778.1186359041842,0.0,0.0,0.8045,0.0,0.0,120.0
195,0.375,-184.81251750318302,3.0,Moscow,-259.2192532318669,74.40673572868386,[154. 198.],176.0,[26000. 52000.],39000.0,public_transit,business,14.56126177,257.45522450902956,-531.6634113951546,789.1186359041842,0.0,0.0,0.8045,0.0,0.0,120.0
196,0.375,-164.80109020546146,3.0,Moscow,-256.0928259341453,91.29173572868386,[198. 242.],220.0,[26000. 52000.],39000.0,public_transit,business,14.56126177,321.819030636287,-478.2996052678972,800.1186359041842,0.0,0.0,0.8045,0.0,0.0,120.0
197,0.375,-144.78966290773994,3.0,Moscow,-252.96639863642378,108.17673572868385,[242. 286.],264.0,[26000. 52000.],39000.0,public_transit,business,14.56126177,386.1828367635444,-424.9357991406398,811.1186359041842,0.0,0.0,0.8045,0.0,0.0,120.0
198,0.625,-445.0641935788083,3.0,Moscow,-456.15217930749213,11.08798572868385,[ 0. 22.],11.0,[52000. 78000.],65000.0,public_transit,business,0.73947807,34.58276126609103,-713.2858746380932,747.8686359041842,0.0,0.0,0.8045,0.0,0.0,120.0
199,0.625,-426.7813658448388,3.0,Moscow,-446.31185157352263,19.53048572868385,[22. 44.],33.0,[52000. 78000.],65000.0,public_transit,business,0.73947807,69.3352856404422,-684.033350263742,753.3686359041842,0.0,0.0,0.8045,0.0,0.0,120.0
200,0.625,-397.1581150506245,3.0,Moscow,-425.1311007793083,27.972985728683852,[44. 66.],55.0,[52000. 78000.],65000.0,public_transit,business,14.56126177,100.11763299118503,-658.7510029129992,758.8686359041842,0.0,0.0,0.8045,0.0,0.0,120.0
201,0.625,-382.6528057859131,3.0,Moscow,-419.0682915145969,36.41548572868385,[66. 88.],77.0,[52000. 78000.],65000.0,public_transit,business,14.56126177,128.82612781472332,-635.5425080894609,764.3686359041842,0.0,0.0,0.8045,0.0,0.0,120.0
202,0.625,-368.98408555132914,3.0,Moscow,-413.842071280013,44.85798572868385,[ 88. 110.],99.0,[52000. 78000.],65000.0,public_transit,business,14.56126177,156.1960801900576,-613.6725557141266,769.8686359041842,0.0,0.0,0.8045,0.0,0.0,120.0
203,0.625,-349.56938096270295,3.0,Moscow,-407.0911166913868,57.52173572868385,[110. 154.],132.0,[52000. 78000.],65000.0,public_transit,business,14.56126177,195.50960753185944,-582.6090283723247,778.1186359041842,0.0,0.0,0.8045,0.0,0.0,120.0
204,0.625,-317.72837035197165,3.0,Moscow,-392.13510608065553,74.40673572868386,[154. 198.],176.0,[52000. 78000.],65000.0,public_transit,business,14.56126177,257.45522450902956,-531.6634113951546,789.1186359041842,0.0,0.0,0.8045,0.0,0.0,120.0
205,0.625,-284.37599152243575,3.0,Moscow,-375.66772725111963,91.29173572868386,[198. 242.],220.0,[52000. 78000.],65000.0,public_transit,business,14.56126177,321.819030636287,-478.2996052678972,800.1186359041842,0.0,0.0,0.8045,0.0,0.0,120.0
206,0.625,-251.02361269289986,3.0,Moscow,-359.2003484215837,108.17673572868385,[242. 286.],264.0,[52000. 78000.],65000.0,public_transit,business,14.56126177,386.1828367635444,-424.9357991406398,811.1186359041842,0.0,0.0,0.8045,0.0,0.0,120.0
207,0.8749999999999999,-623.3856622383315,3.0,Moscow,-634.4736479670154,11.08798572868385,[ 0. 22.],11.0,[ 78000. 104000.],91000.0,public_transit,business,0.73947807,34.58276126609103,-713.2858746380932,747.8686359041842,0.0,0.0,0.8045,0.0,0.0,120.0
208,0.8749999999999999,-597.7897034107742,3.0,Moscow,-617.3201891394581,19.53048572868385,[22. 44.],33.0,[ 78000. 104000.],91000.0,public_transit,business,0.73947807,69.3352856404422,-684.033350263742,753.3686359041842,0.0,0.0,0.8045,0.0,0.0,120.0
209,0.8749999999999999,-561.8458657788742,3.0,Moscow,-589.8188515075581,27.972985728683852,[44. 66.],55.0,[ 78000. 104000.],91000.0,public_transit,business,14.56126177,100.11763299118503,-658.7510029129992,758.8686359041842,0.0,0.0,0.8045,0.0,0.0,120.0
210,0.8749999999999999,-541.5384328082782,3.0,Moscow,-577.9539185369621,36.41548572868385,[66. 88.],77.0,[ 78000. 104000.],91000.0,public_transit,business,14.56126177,128.82612781472332,-635.5425080894609,764.3686359041842,0.0,0.0,0.8045,0.0,0.0,120.0
211,0.8749999999999999,-522.4022244798607,3.0,Moscow,-567.2602102085445,44.85798572868385,[ 88. 110.],99.0,[ 78000. 104000.],91000.0,public_transit,business,14.56126177,156.1960801900576,-613.6725557141266,769.8686359041842,0.0,0.0,0.8045,0.0,0.0,120.0
212,0.8749999999999999,-495.22163805578407,3.0,Moscow,-552.743373784468,57.52173572868385,[110. 154.],132.0,[ 78000. 104000.],91000.0,public_transit,business,14.56126177,195.50960753185944,-582.6090283723247,778.1186359041842,0.0,0.0,0.8045,0.0,0.0,120.0
213,0.8749999999999999,-450.6442232007603,3.0,Moscow,-525.0509589294442,74.40673572868386,[154. 198.],176.0,[ 78000. 104000.],91000.0,public_transit,business,14.56126177,257.45522450902956,-531.6634113951546,789.1186359041842,0.0,0.0,0.8045,0.0,0.0,120.0
214,0.8749999999999999,-403.95089283941,3.0,Moscow,-495.2426285680939,91.29173572868386,[198. 242.],220.0,[ 78000. 104000.],91000.0,public_transit,business,14.56126177,321.819030636287,-478.2996052678972,800.1186359041842,0.0,0.0,0.8045,0.0,0.0,120.0
215,0.8749999999999999,-357.2575624780598,3.0,Moscow,-465.4342982067437,108.17673572868385,[242. 286.],264.0,[ 78000. 104000.],91000.0,public_transit,business,14.56126177,386.1828367635444,-424.9357991406398,811.1186359041842,0.0,0.0,0.8045,0.0,0.0,120.0
216,1.125,-801.7071308978549,3.0,Moscow,-812.7951166265387,11.08798572868385,[ 0. 22.],11.0,[104000. 130000.],117000.0,public_transit,business,0.73947807,34.58276126609103,-713.2858746380932,747.8686359041842,0.0,0.0,0.8045,0.0,0.0,120.0
217,1.125,-768.7980409767098,3.0,Moscow,-788.3285267053936,19.53048572868385,[22. 44.],33.0,[104000. 130000.],117000.0,public_transit,business,0.73947807,69.3352856404422,-684.033350263742,753.3686359041842,0.0,0.0,0.8045,0.0,0.0,120.0
218,1.125,-726.5336165071241,3.0,Moscow,-754.5066022358079,27.972985728683852,[44. 66.],55.0,[104000. 130000.],117000.0,public_transit,business,14.56126177,100.11763299118503,-658.7510029129992,758.8686359041842,0.0,0.0,0.8045,0.0,0.0,120.0
219,1.125,-700.4240598306435,3.0,Moscow,-736.8395455593273,36.41548572868385,[66. 88.],77.0,[104000. 130000.],117000.0,public_transit,business,14.56126177,128.82612781472332,-635.5425080894609,764.3686359041842,0.0,0.0,0.8045,0.0,0.0,120.0
220,1.125,-675.8203634083924,3.0,Moscow,-720.6783491370762,44.85798572868385,[ 88. 110.],99.0,[104000. 130000.],117000.0,public_transit,business,14.56126177,156.1960801900576,-613.6725557141266,769.8686359041842,0.0,0.0,0.8045,0.0,0.0,120.0
221,1.125,-640.8738951488652,3.0,Moscow,-698.3956308775491,57.52173572868385,[110. 154.],132.0,[104000. 130000.],117000.0,public_transit,business,14.56126177,195.50960753185944,-582.6090283723247,778.1186359041842,0.0,0.0,0.8045,0.0,0.0,120.0
222,1.125,-583.560076049549,3.0,Moscow,-657.9668117782329,74.40673572868386,[154. 198.],176.0,[104000. 130000.],117000.0,public_transit,business,14.56126177,257.45522450902956,-531.6634113951546,789.1186359041842,0.0,0.0,0.8045,0.0,0.0,120.0
223,1.125,-523.5257941563843,3.0,Moscow,-614.8175298850682,91.29173572868386,[198. 242.],220.0,[104000. 130000.],117000.0,public_transit,business,14.56126177,321.819030636287,-478.2996052678972,800.1186359041842,0.0,0.0,0.8045,0.0,0.0,120.0
224,1.125,-463.49151226321976,3.0,Moscow,-571.6682479919036,108.17673572868385,[242. 286.],264.0,[104000. 130000.],117000.0,public_transit,business,14.56126177,386.1828367635444,-424.9357991406398,811.1186359041842,0.0,0.0,0.8045,0.0,0.0,120.0
225,1.3749999999999998,-980.028599557378,3.0,Moscow,-991.1165852860619,11.08798572868385,[ 0. 22.],11.0,[130000. 156000.],143000.0,public_transit,business,0.73947807,34.58276126609103,-713.2858746380932,747.8686359041842,0.0,0.0,0.8045,0.0,0.0,120.0
226,1.3749999999999998,-939.8063785426451,3.0,Moscow,-959.336864271329,19.53048572868385,[22. 44.],33.0,[130000. 156000.],143000.0,public_transit,business,0.73947807,69.3352856404422,-684.033350263742,753.3686359041842,0.0,0.0,0.8045,0.0,0.0,120.0
227,1.3749999999999998,-891.2213672353737,3.0,Moscow,-919.1943529640575,27.972985728683852,[44. 66.],55.0,[130000. 156000.],143000.0,public_transit,business,14.56126177,100.11763299118503,-658.7510029129992,758.8686359041842,0.0,0.0,0.8045,0.0,0.0,120.0
228,1.3749999999999998,-859.3096868530085,3.0,Moscow,-895.7251725816924,36.41548572868385,[66. 88.],77.0,[130000. 156000.],143000.0,public_transit,business,14.56126177,128.82612781472332,-635.5425080894609,764.3686359041842,0.0,0.0,0.8045,0.0,0.0,120.0
229,1.3749999999999998,-829.238502336924,3.0,Moscow,-874.0964880656078,44.85798572868385,[ 88. 110.],99.0,[130000. 156000.],143000.0,public_transit,business,14.56126177,156.1960801900576,-613.6725557141266,769.8686359041842,0.0,0.0,0.8045,0.0,0.0,120.0
230,1.3749999999999998,-786.5261522419463,3.0,Moscow,-844.0478879706302,57.52173572868385,[110. 154.],132.0,[130000. 156000.],143000.0,public_transit,business,14.56126177,195.50960753185944,-582.6090283723247,778.1186359041842,0.0,0.0,0.8045,0.0,0.0,120.0
231,1.3749999999999998,-716.4759288983375,3.0,Moscow,-790.8826646270214,74.40673572868386,[154. 198.],176.0,[130000. 156000.],143000.0,public_transit,business,14.56126177,257.45522450902956,-531.6634113951546,789.1186359041842,0.0,0.0,0.8045,0.0,0.0,120.0
232,1.3749999999999998,-643.1006954733585,3.0,Moscow,-734.3924312020424,91.29173572868386,[198. 242.],220.0,[130000. 156000.],143000.0,public_transit,business,14.56126177,321.819030636287,-478.2996052678972,800.1186359041842,0.0,0.0,0.8045,0.0,0.0,120.0
233,1.3749999999999998,-569.7254620483797,3.0,Moscow,-677.9021977770635,108.17673572868385,[242. 286.],264.0,[130000. 156000.],143000.0,public_transit,business,14.56126177,386.1828367635444,-424.9357991406398,811.1186359041842,0.0,0.0,0.8045,0.0,0.0,120.0
234,1.625,-1158.3500682169015,3.0,Moscow,-1169.4380539455854,11.08798572868385,[ 0. 22.],11.0,[156000. 182000.],169000.0,public_transit,business,0.73947807,34.58276126609103,-713.2858746380932,747.8686359041842,0.0,0.0,0.8045,0.0,0.0,120.0
235,1.625,-1110.8147161085808,3.0,Moscow,-1130.3452018372645,19.53048572868385,[22. 44.],33.0,[156000. 182000.],169000.0,public_transit,business,0.73947807,69.3352856404422,-684.033350263742,753.3686359041842,0.0,0.0,0.8045,0.0,0.0,120.0
236,1.625,-1055.9091179636237,3.0,Moscow,-1083.8821036923075,27.972985728683852,[44. 66.],55.0,[156000. 182000.],169000.0,public_transit,business,14.56126177,100.11763299118503,-658.7510029129992,758.8686359041842,0.0,0.0,0.8045,0.0,0.0,120.0
237,1.625,-1018.1953138753739,3.0,Moscow,-1054.6107996040578,36.41548572868385,[66. 88.],77.0,[156000. 182000.],169000.0,public_transit,business,14.56126177,128.82612781472332,-635.5425080894609,764.3686359041842,0.0,0.0,0.8045,0.0,0.0,120.0
238,1.625,-982.6566412654557,3.0,Moscow,-1027.5146269941397,44.85798572868385,[ 88. 110.],99.0,[156000. 182000.],169000.0,public_transit,business,14.56126177,156.1960801900576,-613.6725557141266,769.8686359041842,0.0,0.0,0.8045,0.0,0.0,120.0
239,1.625,-932.1784093350276,3.0,Moscow,-989.7001450637115,57.52173572868385,[110. 154.],132.0,[156000. 182000.],169000.0,public_transit,business,14.56126177,195.50960753185944,-582.6090283723247,778.1186359041842,0.0,0.0,0.8045,0.0,0.0,120.0
240,1.625,-849.3917817471263,3.0,Moscow,-923.7985174758102,74.40673572868386,[154. 198.],176.0,[156000. 182000.],169000.0,public_transit,business,14.56126177,257.45522450902956,-531.6634113951546,789.1186359041842,0.0,0.0,0.8045,0.0,0.0,120.0
241,1.625,-762.675596790333,3.0,Moscow,-853.9673325190168,91.29173572868386,[198. 242.],220.0,[156000. 182000.],169000.0,public_transit,business,14.56126177,321.819030636287,-478.2996052678972,800.1186359041842,0.0,0.0,0.8045,0.0,0.0,120.0
242,1.625,-675.9594118335397,3.0,Moscow,-784.1361475622235,108.17673572868385,[242. 286.],264.0,[156000. 182000.],169000.0,public_transit,business,14.56126177,386.1828367635444,-424.9357991406398,811.1186359041842,0.0,0.0,0.8045,0.0,0.0,120.0
243,2.25,-1604.15373986571,3.0,Moscow,-1615.2417255943938,11.08798572868385,[ 0. 22.],11.0,[182000. 286000.],234000.0,public_transit,business,0.73947807,34.58276126609103,-713.2858746380932,747.8686359041842,0.0,0.0,0.8045,0.0,0.0,120.0
244,2.25,-1538.3355600234197,3.0,Moscow,-1557.8660457521034,19.53048572868385,[22. 44.],33.0,[182000. 286000.],234000.0,public_transit,business,0.73947807,69.3352856404422,-684.033350263742,753.3686359041842,0.0,0.0,0.8045,0.0,0.0,120.0
245,2.25,-1467.628494784248,3.0,Moscow,-1495.6014805129319,27.972985728683852,[44. 66.],55.0,[182000. 286000.],234000.0,public_transit,business,14.56126177,100.11763299118503,-658.7510029129992,758.8686359041842,0.0,0.0,0.8045,0.0,0.0,120.0
246,2.25,-1415.4093814312869,3.0,Moscow,-1451.8248671599708,36.41548572868385,[66. 88.],77.0,[182000. 286000.],234000.0,public_transit,business,14.56126177,128.82612781472332,-635.5425080894609,764.3686359041842,0.0,0.0,0.8045,0.0,0.0,120.0
247,2.25,-1366.2019885867846,3.0,Moscow,-1411.0599743154685,44.85798572868385,[ 88. 110.],99.0,[182000. 286000.],234000.0,public_transit,business,14.56126177,156.1960801900576,-613.6725557141266,769.8686359041842,0.0,0.0,0.8045,0.0,0.0,120.0
248,2.25,-1296.3090520677304,3.0,Moscow,-1353.8307877964141,57.52173572868385,[110. 154.],132.0,[182000. 286000.],234000.0,public_transit,business,14.56126177,195.50960753185944,-582.6090283723247,778.1186359041842,0.0,0.0,0.8045,0.0,0.0,120.0
249,2.25,-1181.681413869098,3.0,Moscow,-1256.0881495977817,74.40673572868386,[154. 198.],176.0,[182000. 286000.],234000.0,public_transit,business,14.56126177,257.45522450902956,-531.6634113951546,789.1186359041842,0.0,0.0,0.8045,0.0,0.0,120.0
250,2.25,-1061.6128500827685,3.0,Moscow,-1152.9045858114523,91.29173572868386,[198. 242.],220.0,[182000. 286000.],234000.0,public_transit,business,14.56126177,321.819030636287,-478.2996052678972,800.1186359041842,0.0,0.0,0.8045,0.0,0.0,120.0
251,2.25,-941.5442862964395,3.0,Moscow,-1049.7210220251234,108.17673572868385,[242. 286.],264.0,[182000. 286000.],234000.0,public_transit,business,14.56126177,386.1828367635444,-424.9357991406398,811.1186359041842,0.0,0.0,0.8045,0.0,0.0,120.0
252,3.25,-2317.4396145038027,3.0,Moscow,-2328.5276002324863,11.08798572868385,[ 0. 22.],11.0,[286000. 390000.],338000.0,public_transit,business,0.73947807,34.58276126609103,-713.2858746380932,747.8686359041842,0.0,0.0,0.8045,0.0,0.0,120.0
253,3.25,-2222.3689102871613,3.0,Moscow,-2241.899396015845,19.53048572868385,[22. 44.],33.0,[286000. 390000.],338000.0,public_transit,business,0.73947807,69.3352856404422,-684.033350263742,753.3686359041842,0.0,0.0,0.8045,0.0,0.0,120.0
254,3.25,-2126.3794976972476,3.0,Moscow,-2154.3524834259315,27.972985728683852,[44. 66.],55.0,[286000. 390000.],338000.0,public_transit,business,14.56126177,100.11763299118503,-658.7510029129992,758.8686359041842,0.0,0.0,0.8045,0.0,0.0,120.0
255,3.25,-2050.951889520748,3.0,Moscow,-2087.367375249432,36.41548572868385,[66. 88.],77.0,[286000. 390000.],338000.0,public_transit,business,14.56126177,128.82612781472332,-635.5425080894609,764.3686359041842,0.0,0.0,0.8045,0.0,0.0,120.0
256,3.25,-1979.8745443009113,3.0,Moscow,-2024.7325300295952,44.85798572868385,[ 88. 110.],99.0,[286000. 390000.],338000.0,public_transit,business,14.56126177,156.1960801900576,-613.6725557141266,769.8686359041842,0.0,0.0,0.8045,0.0,0.0,120.0
257,3.25,-1878.918080440055,3.0,Moscow,-1936.4398161687388,57.52173572868385,[110. 154.],132.0,[286000. 390000.],338000.0,public_transit,business,14.56126177,195.50960753185944,-582.6090283723247,778.1186359041842,0.0,0.0,0.8045,0.0,0.0,120.0
258,3.25,-1713.3448252642524,3.0,Moscow,-1787.7515609929362,74.40673572868386,[154. 198.],176.0,[286000. 390000.],338000.0,public_transit,business,14.56126177,257.45522450902956,-531.6634113951546,789.1186359041842,0.0,0.0,0.8045,0.0,0.0,120.0
259,3.25,-1539.9124553506658,3.0,Moscow,-1631.2041910793496,91.29173572868386,[198. 242.],220.0,[286000. 390000.],338000.0,public_transit,business,14.56126177,321.819030636287,-478.2996052678972,800.1186359041842,0.0,0.0,0.8045,0.0,0.0,120.0
260,3.25,-1366.4800854370792,3.0,Moscow,-1474.656821165763,108.17673572868385,[242. 286.],264.0,[286000. 390000.],338000.0,public_transit,business,14.56126177,386.1828367635444,-424.9357991406398,811.1186359041842,0.0,0.0,0.8045,0.0,0.0,120.0
261,4.25,-3030.725489141896,3.0,Moscow,-3041.8134748705797,11.08798572868385,[ 0. 22.],11.0,[390000. 494000.],442000.0,public_transit,business,0.73947807,34.58276126609103,-713.2858746380932,747.8686359041842,0.0,0.0,0.8045,0.0,0.0,120.0
262,4.25,-2906.4022605509035,3.0,Moscow,-2925.9327462795873,19.53048572868385,[22. 44.],33.0,[390000. 494000.],442000.0,public_transit,business,0.73947807,69.3352856404422,-684.033350263742,753.3686359041842,0.0,0.0,0.8045,0.0,0.0,120.0
263,4.25,-2785.1305006102466,3.0,Moscow,-2813.1034863389305,27.972985728683852,[44. 66.],55.0,[390000. 494000.],442000.0,public_transit,business,14.56126177,100.11763299118503,-658.7510029129992,758.8686359041842,0.0,0.0,0.8045,0.0,0.0,120.0
264,4.25,-2686.4943976102086,3.0,Moscow,-2722.9098833388925,36.41548572868385,[66. 88.],77.0,[390000. 494000.],442000.0,public_transit,business,14.56126177,128.82612781472332,-635.5425080894609,764.3686359041842,0.0,0.0,0.8045,0.0,0.0,120.0
265,4.25,-2593.5471000150383,3.0,Moscow,-2638.4050857437223,44.85798572868385,[ 88. 110.],99.0,[390000. 494000.],442000.0,public_transit,business,14.56126177,156.1960801900576,-613.6725557141266,769.8686359041842,0.0,0.0,0.8045,0.0,0.0,120.0
266,4.25,-2461.52710881238,3.0,Moscow,-2519.0488445410638,57.52173572868385,[110. 154.],132.0,[390000. 494000.],442000.0,public_transit,business,14.56126177,195.50960753185944,-582.6090283723247,778.1186359041842,0.0,0.0,0.8045,0.0,0.0,120.0
267,4.25,-2245.0082366594074,3.0,Moscow,-2319.4149723880914,74.40673572868386,[154. 198.],176.0,[390000. 494000.],442000.0,public_transit,business,14.56126177,257.45522450902956,-531.6634113951546,789.1186359041842,0.0,0.0,0.8045,0.0,0.0,120.0
268,4.25,-2018.212060618563,3.0,Moscow,-2109.503796347247,91.29173572868386,[198. 242.],220.0,[390000. 494000.],442000.0,public_transit,business,14.56126177,321.819030636287,-478.2996052678972,800.1186359041842,0.0,0.0,0.8045,0.0,0.0,120.0
269,4.25,-1791.415884577719,3.0,Moscow,-1899.5926203064028,108.17673572868385,[242. 286.],264.0,[390000. 494000.],442000.0,public_transit,business,14.56126177,386.1828367635444,-424.9357991406398,811.1186359041842,0.0,0.0,0.8045,0.0,0.0,120.0
270,0.0625,-43.84088909488083,3.0,Moscow,-54.92887482356468,11.08798572868385,[ 0. 22.],11.0,[    0. 26000.],13000.0,public_transit,personal,0.73947807,34.58276126609103,-713.2858746380932,747.8686359041842,0.0,0.0,0.8045,0.0,0.0,120.0
271,0.0625,-42.01260632148388,3.0,Moscow,-61.54309205016773,19.53048572868385,[22. 44.],33.0,[    0. 26000.],13000.0,public_transit,personal,0.73947807,69.3352856404422,-684.033350263742,753.3686359041842,0.0,0.0,0.8045,0.0,0.0,120.0
272,0.0625,-26.610675912062447,3.0,Moscow,-54.5836616407463,27.972985728683852,[44. 66.],55.0,[    0. 26000.],13000.0,public_transit,personal,14.56126177,100.11763299118503,-658.7510029129992,758.8686359041842,0.0,0.0,0.8045,0.0,0.0,120.0
273,0.0625,-25.1601449855913,3.0,Moscow,-61.57563071427515,36.41548572868385,[66. 88.],77.0,[    0. 26000.],13000.0,public_transit,personal,14.56126177,128.82612781472332,-635.5425080894609,764.3686359041842,0.0,0.0,0.8045,0.0,0.0,120.0
274,0.0625,-23.79327296213291,3.0,Moscow,-68.65125869081676,44.85798572868385,[ 88. 110.],99.0,[    0. 26000.],13000.0,public_transit,personal,14.56126177,156.1960801900576,-613.6725557141266,769.8686359041842,0.0,0.0,0.8045,0.0,0.0,120.0
275,0.0625,-21.851802503270292,3.0,Moscow,-79.37353823195414,57.52173572868385,[110. 154.],132.0,[    0. 26000.],13000.0,public_transit,personal,14.56126177,195.50960753185944,-582.6090283723247,778.1186359041842,0.0,0.0,0.8045,0.0,0.0,120.0
276,0.0625,-18.667701442197163,3.0,Moscow,-93.07443717088103,74.40673572868386,[154. 198.],176.0,[    0. 26000.],13000.0,public_transit,personal,14.56126177,257.45522450902956,-531.6634113951546,789.1186359041842,0.0,0.0,0.8045,0.0,0.0,120.0
277,0.0625,-15.332463559243577,3.0,Moscow,-106.62419928792744,91.29173572868386,[198. 242.],220.0,[    0. 26000.],13000.0,public_transit,personal,14.56126177,321.819030636287,-478.2996052678972,800.1186359041842,0.0,0.0,0.8045,0.0,0.0,120.0
278,0.0625,-11.997225676289988,3.0,Moscow,-120.17396140497384,108.17673572868385,[242. 286.],264.0,[    0. 26000.],13000.0,public_transit,personal,14.56126177,386.1828367635444,-424.9357991406398,811.1186359041842,0.0,0.0,0.8045,0.0,0.0,120.0
279,0.1875,-133.00162342464247,3.0,Moscow,-144.08960915332634,11.08798572868385,[ 0. 22.],11.0,[26000. 52000.],39000.0,public_transit,personal,0.73947807,34.58276126609103,-713.2858746380932,747.8686359041842,0.0,0.0,0.8045,0.0,0.0,120.0
280,0.1875,-127.51677510445161,3.0,Moscow,-147.04726083313545,19.53048572868385,[22. 44.],33.0,[26000. 52000.],39000.0,public_transit,personal,0.73947807,69.3352856404422,-684.033350263742,753.3686359041842,0.0,0.0,0.8045,0.0,0.0,120.0
281,0.1875,-108.95455127618735,3.0,Moscow,-136.9275370048712,27.972985728683852,[44. 66.],55.0,[26000. 52000.],39000.0,public_transit,personal,14.56126177,100.11763299118503,-658.7510029129992,758.8686359041842,0.0,0.0,0.8045,0.0,0.0,120.0
282,0.1875,-104.60295849677391,3.0,Moscow,-141.01844422545776,36.41548572868385,[66. 88.],77.0,[26000. 52000.],39000.0,public_transit,personal,14.56126177,128.82612781472332,-635.5425080894609,764.3686359041842,0.0,0.0,0.8045,0.0,0.0,120.0
283,0.1875,-100.50234242639873,3.0,Moscow,-145.36032815508258,44.85798572868385,[ 88. 110.],99.0,[26000. 52000.],39000.0,public_transit,personal,14.56126177,156.1960801900576,-613.6725557141266,769.8686359041842,0.0,0.0,0.8045,0.0,0.0,120.0
284,0.1875,-94.67793104981088,3.0,Moscow,-152.19966677849473,57.52173572868385,[110. 154.],132.0,[26000. 52000.],39000.0,public_transit,personal,14.56126177,195.50960753185944,-582.6090283723247,778.1186359041842,0.0,0.0,0.8045,0.0,0.0,120.0
285,0.1875,-85.1256278665915,3.0,Moscow,-159.53236359527534,74.40673572868386,[154. 198.],176.0,[26000. 52000.],39000.0,public_transit,personal,14.56126177,257.45522450902956,-531.6634113951546,789.1186359041842,0.0,0.0,0.8045,0.0,0.0,120.0
286,0.1875,-75.11991421773072,3.0,Moscow,-166.41164994641457,91.29173572868386,[198. 242.],220.0,[26000. 52000.],39000.0,public_transit,personal,14.56126177,321.819030636287,-478.2996052678972,800.1186359041842,0.0,0.0,0.8045,0.0,0.0,120.0
287,0.1875,-65.11420056886996,3.0,Moscow,-173.2909362975538,108.17673572868385,[242. 286.],264.0,[26000. 52000.],39000.0,public_transit,personal,14.56126177,386.1828367635444,-424.9357991406398,811.1186359041842,0.0,0.0,0.8045,0.0,0.0,120.0
288,0.3125,-222.16235775440416,3.0,Moscow,-233.25034348308802,11.08798572868385,[ 0. 22.],11.0,[52000. 78000.],65000.0,public_transit,personal,0.73947807,34.58276126609103,-713.2858746380932,747.8686359041842,0.0,0.0,0.8045,0.0,0.0,120.0
289,0.3125,-213.0209438874194,3.0,Moscow,-232.55142961610326,19.53048572868385,[22. 44.],33.0,[52000. 78000.],65000.0,public_transit,personal,0.73947807,69.3352856404422,-684.033350263742,753.3686359041842,0.0,0.0,0.8045,0.0,0.0,120.0
290,0.3125,-191.29842664031224,3.0,Moscow,-219.2714123689961,27.972985728683852,[44. 66.],55.0,[52000. 78000.],65000.0,public_transit,personal,14.56126177,100.11763299118503,-658.7510029129992,758.8686359041842,0.0,0.0,0.8045,0.0,0.0,120.0
291,0.3125,-184.04577200795654,3.0,Moscow,-220.4612577366404,36.41548572868385,[66. 88.],77.0,[52000. 78000.],65000.0,public_transit,personal,14.56126177,128.82612781472332,-635.5425080894609,764.3686359041842,0.0,0.0,0.8045,0.0,0.0,120.0
292,0.3125,-177.21141189066458,3.0,Moscow,-222.06939761934842,44.85798572868385,[ 88. 110.],99.0,[52000. 78000.],65000.0,public_transit,personal,14.56126177,156.1960801900576,-613.6725557141266,769.8686359041842,0.0,0.0,0.8045,0.0,0.0,120.0
293,0.3125,-167.50405959635148,3.0,Moscow,-225.02579532503535,57.52173572868385,[110. 154.],132.0,[52000. 78000.],65000.0,public_transit,personal,14.56126177,195.50960753185944,-582.6090283723247,778.1186359041842,0.0,0.0,0.8045,0.0,0.0,120.0
294,0.3125,-151.58355429098583,3.0,Moscow,-225.9902900196697,74.40673572868386,[154. 198.],176.0,[52000. 78000.],65000.0,public_transit,personal,14.56126177,257.45522450902956,-531.6634113951546,789.1186359041842,0.0,0.0,0.8045,0.0,0.0,120.0
295,0.3125,-134.90736487621788,3.0,Moscow,-226.19910060490173,91.29173572868386,[198. 242.],220.0,[52000. 78000.],65000.0,public_transit,personal,14.56126177,321.819030636287,-478.2996052678972,800.1186359041842,0.0,0.0,0.8045,0.0,0.0,120.0
296,0.3125,-118.23117546144992,3.0,Moscow,-226.40791119013377,108.17673572868385,[242. 286.],264.0,[52000. 78000.],65000.0,public_transit,personal,14.56126177,386.1828367635444,-424.9357991406398,811.1186359041842,0.0,0.0,0.8045,0.0,0.0,120.0
297,0.43749999999999994,-311.32309208416575,3.0,Moscow,-322.4110778128496,11.08798572868385,[ 0. 22.],11.0,[ 78000. 104000.],91000.0,public_transit,personal,0.73947807,34.58276126609103,-713.2858746380932,747.8686359041842,0.0,0.0,0.8045,0.0,0.0,120.0
298,0.43749999999999994,-298.5251126703871,3.0,Moscow,-318.05559839907096,19.53048572868385,[22. 44.],33.0,[ 78000. 104000.],91000.0,public_transit,personal,0.73947807,69.3352856404422,-684.033350263742,753.3686359041842,0.0,0.0,0.8045,0.0,0.0,120.0
299,0.43749999999999994,-273.6423020044371,3.0,Moscow,-301.61528773312097,27.972985728683852,[44. 66.],55.0,[ 78000. 104000.],91000.0,public_transit,personal,14.56126177,100.11763299118503,-658.7510029129992,758.8686359041842,0.0,0.0,0.8045,0.0,0.0,120.0
300,0.43749999999999994,-263.4885855191391,3.0,Moscow,-299.90407124782297,36.41548572868385,[66. 88.],77.0,[ 78000. 104000.],91000.0,public_transit,personal,14.56126177,128.82612781472332,-635.5425080894609,764.3686359041842,0.0,0.0,0.8045,0.0,0.0,120.0
301,0.43749999999999994,-253.92048135493036,3.0,Moscow,-298.7784670836142,44.85798572868385,[ 88. 110.],99.0,[ 78000. 104000.],91000.0,public_transit,personal,14.56126177,156.1960801900576,-613.6725557141266,769.8686359041842,0.0,0.0,0.8045,0.0,0.0,120.0
302,0.43749999999999994,-240.33018814289204,3.0,Moscow,-297.8519238715759,57.52173572868385,[110. 154.],132.0,[ 78000. 104000.],91000.0,public_transit,personal,14.56126177,195.50960753185944,-582.6090283723247,778.1186359041842,0.0,0.0,0.8045,0.0,0.0,120.0
303,0.43749999999999994,-218.04148071538015,3.0,Moscow,-292.448216444064,74.40673572868386,[154. 198.],176.0,[ 78000. 104000.],91000.0,public_transit,personal,14.56126177,257.45522450902956,-531.6634113951546,789.1186359041842,0.0,0.0,0.8045,0.0,0.0,120.0
304,0.43749999999999994,-194.69481553470501,3.0,Moscow,-285.9865512633889,91.29173572868386,[198. 242.],220.0,[ 78000. 104000.],91000.0,public_transit,personal,14.56126177,321.819030636287,-478.2996052678972,800.1186359041842,0.0,0.0,0.8045,0.0,0.0,120.0
305,0.43749999999999994,-171.3481503540299,3.0,Moscow,-279.52488608271375,108.17673572868385,[242. 286.],264.0,[ 78000. 104000.],91000.0,public_transit,personal,14.56126177,386.1828367635444,-424.9357991406398,811.1186359041842,0.0,0.0,0.8045,0.0,0.0,120.0
306,0.5625,-400.48382641392743,3.0,Moscow,-411.5718121426113,11.08798572868385,[ 0. 22.],11.0,[104000. 130000.],117000.0,public_transit,personal,0.73947807,34.58276126609103,-713.2858746380932,747.8686359041842,0.0,0.0,0.8045,0.0,0.0,120.0
307,0.5625,-384.0292814533549,3.0,Moscow,-403.55976718203874,19.53048572868385,[22. 44.],33.0,[104000. 130000.],117000.0,public_transit,personal,0.73947807,69.3352856404422,-684.033350263742,753.3686359041842,0.0,0.0,0.8045,0.0,0.0,120.0
308,0.5625,-355.98617736856204,3.0,Moscow,-383.9591630972459,27.972985728683852,[44. 66.],55.0,[104000. 130000.],117000.0,public_transit,personal,14.56126177,100.11763299118503,-658.7510029129992,758.8686359041842,0.0,0.0,0.8045,0.0,0.0,120.0
309,0.5625,-342.93139903032176,3.0,Moscow,-379.3468847590056,36.41548572868385,[66. 88.],77.0,[104000. 130000.],117000.0,public_transit,personal,14.56126177,128.82612781472332,-635.5425080894609,764.3686359041842,0.0,0.0,0.8045,0.0,0.0,120.0
310,0.5625,-330.6295508191962,3.0,Moscow,-375.48753654788004,44.85798572868385,[ 88. 110.],99.0,[104000. 130000.],117000.0,public_transit,personal,14.56126177,156.1960801900576,-613.6725557141266,769.8686359041842,0.0,0.0,0.8045,0.0,0.0,120.0
311,0.5625,-313.15631668943263,3.0,Moscow,-370.67805241811647,57.52173572868385,[110. 154.],132.0,[104000. 130000.],117000.0,public_transit,personal,14.56126177,195.50960753185944,-582.6090283723247,778.1186359041842,0.0,0.0,0.8045,0.0,0.0,120.0
312,0.5625,-284.4994071397745,3.0,Moscow,-358.90614286845835,74.40673572868386,[154. 198.],176.0,[104000. 130000.],117000.0,public_transit,personal,14.56126177,257.45522450902956,-531.6634113951546,789.1186359041842,0.0,0.0,0.8045,0.0,0.0,120.0
313,0.5625,-254.48226619319217,3.0,Moscow,-345.77400192187605,91.29173572868386,[198. 242.],220.0,[104000. 130000.],117000.0,public_transit,personal,14.56126177,321.819030636287,-478.2996052678972,800.1186359041842,0.0,0.0,0.8045,0.0,0.0,120.0
314,0.5625,-224.4651252466099,3.0,Moscow,-332.64186097529375,108.17673572868385,[242. 286.],264.0,[104000. 130000.],117000.0,public_transit,personal,14.56126177,386.1828367635444,-424.9357991406398,811.1186359041842,0.0,0.0,0.8045,0.0,0.0,120.0
315,0.6874999999999999,-489.644560743689,3.0,Moscow,-500.73254647237286,11.08798572868385,[ 0. 22.],11.0,[130000. 156000.],143000.0,public_transit,personal,0.73947807,34.58276126609103,-713.2858746380932,747.8686359041842,0.0,0.0,0.8045,0.0,0.0,120.0
316,0.6874999999999999,-469.53345023632255,3.0,Moscow,-489.0639359650064,19.53048572868385,[22. 44.],33.0,[130000. 156000.],143000.0,public_transit,personal,0.73947807,69.3352856404422,-684.033350263742,753.3686359041842,0.0,0.0,0.8045,0.0,0.0,120.0
317,0.6874999999999999,-438.33005273268685,3.0,Moscow,-466.3030384613707,27.972985728683852,[44. 66.],55.0,[130000. 156000.],143000.0,public_transit,personal,14.56126177,100.11763299118503,-658.7510029129992,758.8686359041842,0.0,0.0,0.8045,0.0,0.0,120.0
318,0.6874999999999999,-422.3742125415043,3.0,Moscow,-458.7896982701881,36.41548572868385,[66. 88.],77.0,[130000. 156000.],143000.0,public_transit,personal,14.56126177,128.82612781472332,-635.5425080894609,764.3686359041842,0.0,0.0,0.8045,0.0,0.0,120.0
319,0.6874999999999999,-407.338620283462,3.0,Moscow,-452.1966060121458,44.85798572868385,[ 88. 110.],99.0,[130000. 156000.],143000.0,public_transit,personal,14.56126177,156.1960801900576,-613.6725557141266,769.8686359041842,0.0,0.0,0.8045,0.0,0.0,120.0
320,0.6874999999999999,-385.98244523597316,3.0,Moscow,-443.504180964657,57.52173572868385,[110. 154.],132.0,[130000. 156000.],143000.0,public_transit,personal,14.56126177,195.50960753185944,-582.6090283723247,778.1186359041842,0.0,0.0,0.8045,0.0,0.0,120.0
321,0.6874999999999999,-350.9573335641688,3.0,Moscow,-425.3640692928526,74.40673572868386,[154. 198.],176.0,[130000. 156000.],143000.0,public_transit,personal,14.56126177,257.45522450902956,-531.6634113951546,789.1186359041842,0.0,0.0,0.8045,0.0,0.0,120.0
322,0.6874999999999999,-314.2697168516793,3.0,Moscow,-405.56145258036315,91.29173572868386,[198. 242.],220.0,[130000. 156000.],143000.0,public_transit,personal,14.56126177,321.819030636287,-478.2996052678972,800.1186359041842,0.0,0.0,0.8045,0.0,0.0,120.0
323,0.6874999999999999,-277.58210013918983,3.0,Moscow,-385.7588358678737,108.17673572868385,[242. 286.],264.0,[130000. 156000.],143000.0,public_transit,personal,14.56126177,386.1828367635444,-424.9357991406398,811.1186359041842,0.0,0.0,0.8045,0.0,0.0,120.0
324,0.8125,-578.8052950734507,3.0,Moscow,-589.8932808021345,11.08798572868385,[ 0. 22.],11.0,[156000. 182000.],169000.0,public_transit,personal,0.73947807,34.58276126609103,-713.2858746380932,747.8686359041842,0.0,0.0,0.8045,0.0,0.0,120.0
325,0.8125,-555.0376190192903,3.0,Moscow,-574.5681047479742,19.53048572868385,[22. 44.],33.0,[156000. 182000.],169000.0,public_transit,personal,0.73947807,69.3352856404422,-684.033350263742,753.3686359041842,0.0,0.0,0.8045,0.0,0.0,120.0
326,0.8125,-520.6739280968119,3.0,Moscow,-548.6469138254957,27.972985728683852,[44. 66.],55.0,[156000. 182000.],169000.0,public_transit,personal,14.56126177,100.11763299118503,-658.7510029129992,758.8686359041842,0.0,0.0,0.8045,0.0,0.0,120.0
327,0.8125,-501.81702605268697,3.0,Moscow,-538.2325117813708,36.41548572868385,[66. 88.],77.0,[156000. 182000.],169000.0,public_transit,personal,14.56126177,128.82612781472332,-635.5425080894609,764.3686359041842,0.0,0.0,0.8045,0.0,0.0,120.0
328,0.8125,-484.0476897477279,3.0,Moscow,-528.9056754764117,44.85798572868385,[ 88. 110.],99.0,[156000. 182000.],169000.0,public_transit,personal,14.56126177,156.1960801900576,-613.6725557141266,769.8686359041842,0.0,0.0,0.8045,0.0,0.0,120.0
329,0.8125,-458.8085737825138,3.0,Moscow,-516.3303095111977,57.52173572868385,[110. 154.],132.0,[156000. 182000.],169000.0,public_transit,personal,14.56126177,195.50960753185944,-582.6090283723247,778.1186359041842,0.0,0.0,0.8045,0.0,0.0,120.0
330,0.8125,-417.41525998856315,3.0,Moscow,-491.821995717247,74.40673572868386,[154. 198.],176.0,[156000. 182000.],169000.0,public_transit,personal,14.56126177,257.45522450902956,-531.6634113951546,789.1186359041842,0.0,0.0,0.8045,0.0,0.0,120.0
331,0.8125,-374.0571675101665,3.0,Moscow,-465.34890323885037,91.29173572868386,[198. 242.],220.0,[156000. 182000.],169000.0,public_transit,personal,14.56126177,321.819030636287,-478.2996052678972,800.1186359041842,0.0,0.0,0.8045,0.0,0.0,120.0
332,0.8125,-330.69907503176984,3.0,Moscow,-438.8758107604537,108.17673572868385,[242. 286.],264.0,[156000. 182000.],169000.0,public_transit,personal,14.56126177,386.1828367635444,-424.9357991406398,811.1186359041842,0.0,0.0,0.8045,0.0,0.0,120.0
333,1.125,-801.7071308978549,3.0,Moscow,-812.7951166265387,11.08798572868385,[ 0. 22.],11.0,[182000. 286000.],234000.0,public_transit,personal,0.73947807,34.58276126609103,-713.2858746380932,747.8686359041842,0.0,0.0,0.8045,0.0,0.0,120.0
334,1.125,-768.7980409767098,3.0,Moscow,-788.3285267053936,19.53048572868385,[22. 44.],33.0,[182000. 286000.],234000.0,public_transit,personal,0.73947807,69.3352856404422,-684.033350263742,753.3686359041842,0.0,0.0,0.8045,0.0,0.0,120.0
335,1.125,-726.5336165071241,3.0,Moscow,-754.5066022358079,27.972985728683852,[44. 66.],55.0,[182000. 286000.],234000.0,public_transit,personal,14.56126177,100.11763299118503,-658.7510029129992,758.8686359041842,0.0,0.0,0.8045,0.0,0.0,120.0
336,1.125,-700.4240598306435,3.0,Moscow,-736.8395455593273,36.41548572868385,[66. 88.],77.0,[182000. 286000.],234000.0,public_transit,personal,14.56126177,128.82612781472332,-635.5425080894609,764.3686359041842,0.0,0.0,0.8045,0.0,0.0,120.0
337,1.125,-675.8203634083924,3.0,Moscow,-720.6783491370762,44.85798572868385,[ 88. 110.],99.0,[182000. 286000.],234000.0,public_transit,personal,14.56126177,156.1960801900576,-613.6725557141266,769.8686359041842,0.0,0.0,0.8045,0.0,0.0,120.0
338,1.125,-640.8738951488652,3.0,Moscow,-698.3956308775491,57.52173572868385,[110. 154.],132.0,[182000. 286000.],234000.0,public_transit,personal,14.56126177,195.50960753185944,-582.6090283723247,778.1186359041842,0.0,0.0,0.8045,0.0,0.0,120.0
339,1.125,-583.560076049549,3.0,Moscow,-657.9668117782329,74.40673572868386,[154. 198.],176.0,[182000. 286000.],234000.0,public_transit,personal,14.56126177,257.45522450902956,-531.6634113951546,789.1186359041842,0.0,0.0,0.8045,0.0,0.0,120.0
340,1.125,-523.5257941563843,3.0,Moscow,-614.8175298850682,91.29173572868386,[198. 242.],220.0,[182000. 286000.],234000.0,public_transit,personal,14.56126177,321.819030636287,-478.2996052678972,800.1186359041842,0.0,0.0,0.8045,0.0,0.0,120.0
341,1.125,-463.49151226321976,3.0,Moscow,-571.6682479919036,108.17673572868385,[242. 286.],264.0,[182000. 286000.],234000.0,public_transit,personal,14.56126177,386.1828367635444,-424.9357991406398,811.1186359041842,0.0,0.0,0.8045,0.0,0.0,120.0
342,1.625,-1158.3500682169015,3.0,Moscow,-1169.4380539455854,11.08798572868385,[ 0. 22.],11.0,[286000. 390000.],338000.0,public_transit,personal,0.73947807,34.58276126609103,-713.2858746380932,747.8686359041842,0.0,0.0,0.8045,0.0,0.0,120.0
343,1.625,-1110.8147161085808,3.0,Moscow,-1130.3452018372645,19.53048572868385,[22. 44.],33.0,[286000. 390000.],338000.0,public_transit,personal,0.73947807,69.3352856404422,-684.033350263742,753.3686359041842,0.0,0.0,0.8045,0.0,0.0,120.0
344,1.625,-1055.9091179636237,3.0,Moscow,-1083.8821036923075,27.972985728683852,[44. 66.],55.0,[286000. 390000.],338000.0,public_transit,personal,14.56126177,100.11763299118503,-658.7510029129992,758.8686359041842,0.0,0.0,0.8045,0.0,0.0,120.0
345,1.625,-1018.1953138753739,3.0,Moscow,-1054.6107996040578,36.41548572868385,[66. 88.],77.0,[286000. 390000.],338000.0,public_transit,personal,14.56126177,128.82612781472332,-635.5425080894609,764.3686359041842,0.0,0.0,0.8045,0.0,0.0,120.0
346,1.625,-982.6566412654557,3.0,Moscow,-1027.5146269941397,44.85798572868385,[ 88. 110.],99.0,[286000. 390000.],338000.0,public_transit,personal,14.56126177,156.1960801900576,-613.6725557141266,769.8686359041842,0.0,0.0,0.8045,0.0,0.0,120.0
347,1.625,-932.1784093350276,3.0,Moscow,-989.7001450637115,57.52173572868385,[110. 154.],132.0,[286000. 390000.],338000.0,public_transit,personal,14.56126177,195.50960753185944,-582.6090283723247,778.1186359041842,0.0,0.0,0.8045,0.0,0.0,120.0
348,1.625,-849.3917817471263,3.0,Moscow,-923.7985174758102,74.40673572868386,[154. 198.],176.0,[286000. 390000.],338000.0,public_transit,personal,14.56126177,257.45522450902956,-531.6634113951546,789.1186359041842,0.0,0.0,0.8045,0.0,0.0,120.0
349,1.625,-762.675596790333,3.0,Moscow,-853.9673325190168,91.29173572868386,[198. 242.],220.0,[286000. 390000.],338000.0,public_transit,personal,14.56126177,321.819030636287,-478.2996052678972,800.1186359041842,0.0,0.0,0.8045,0.0,0.0,120.0
350,1.625,-675.9594118335397,3.0,Moscow,-784.1361475622235,108.17673572868385,[242. 286.],264.0,[286000. 390000.],338000.0,public_transit,personal,14.56126177,386.1828367635444,-424.9357991406398,811.1186359041842,0.0,0.0,0.8045,0.0,0.0,120.0
351,2.125,-1514.9930055359482,3.0,Moscow,-1526.080991264632,11.08798572868385,[ 0. 22.],11.0,[390000. 494000.],442000.0,public_transit,personal,0.73947807,34.58276126609103,-713.2858746380932,747.8686359041842,0.0,0.0,0.8045,0.0,0.0,120.0
352,2.125,-1452.831391240452,3.0,Moscow,-1472.3618769691357,19.53048572868385,[22. 44.],33.0,[390000. 494000.],442000.0,public_transit,personal,0.73947807,69.3352856404422,-684.033350263742,753.3686359041842,0.0,0.0,0.8045,0.0,0.0,120.0
353,2.125,-1385.2846194201231,3.0,Moscow,-1413.257605148807,27.972985728683852,[44. 66.],55.0,[390000. 494000.],442000.0,public_transit,personal,14.56126177,100.11763299118503,-658.7510029129992,758.8686359041842,0.0,0.0,0.8045,0.0,0.0,120.0
354,2.125,-1335.9665679201041,3.0,Moscow,-1372.3820536487879,36.41548572868385,[66. 88.],77.0,[390000. 494000.],442000.0,public_transit,personal,14.56126177,128.82612781472332,-635.5425080894609,764.3686359041842,0.0,0.0,0.8045,0.0,0.0,120.0
355,2.125,-1289.492919122519,3.0,Moscow,-1334.3509048512028,44.85798572868385,[ 88. 110.],99.0,[390000. 494000.],442000.0,public_transit,personal,14.56126177,156.1960801900576,-613.6725557141266,769.8686359041842,0.0,0.0,0.8045,0.0,0.0,120.0
356,2.125,-1223.4829235211898,3.0,Moscow,-1281.0046592498736,57.52173572868385,[110. 154.],132.0,[390000. 494000.],442000.0,public_transit,personal,14.56126177,195.50960753185944,-582.6090283723247,778.1186359041842,0.0,0.0,0.8045,0.0,0.0,120.0
357,2.125,-1115.2234874447036,3.0,Moscow,-1189.6302231733873,74.40673572868386,[154. 198.],176.0,[390000. 494000.],442000.0,public_transit,personal,14.56126177,257.45522450902956,-531.6634113951546,789.1186359041842,0.0,0.0,0.8045,0.0,0.0,120.0
358,2.125,-1001.8253994242816,3.0,Moscow,-1093.1171351529654,91.29173572868386,[198. 242.],220.0,[390000. 494000.],442000.0,public_transit,personal,14.56126177,321.819030636287,-478.2996052678972,800.1186359041842,0.0,0.0,0.8045,0.0,0.0,120.0
359,2.125,-888.4273114038596,3.0,Moscow,-996.6040471325434,108.17673572868385,[242. 286.],264.0,[390000. 494000.],442000.0,public_transit,personal,14.56126177,386.1828367635444,-424.9357991406398,811.1186359041842,0.0,0.0,0.8045,0.0,0.0,120.0
